"Decedent Name","Death Date","County","Age at Death","Birthplace","Certificate Number"
"Petra Sánchez","02/10/1915","Kendall","59","Mexico","1900000"
"August Gruenewald","01/27/1911","Medina","62","Texas","1900001"
"Gertrud Schwarz","01/06/1922","Medina","64","Illinois","1900002"
"Bertha Weber","01/14/1938","Bexar","92","Texas","1900003"
"Ludwig Hoffmann","06/04/1920","Bexar","34","Tennessee","1900004"
"Heinrich Werner","09/07/1903","Medina","1","Texas","1900005"
"Arthur Brown","11/22/1904","Bexar","51","Tennessee","1900006"
"Eileen Kelly","08/08/1917","Bexar","72","Mexico","1900007"
"Elena Domínguez","10/17/1936","Bexar","54","Texas","1900008"
"Mabel Anderson","03/06/1904","Bexar","64","Mexico","1900009"
"Ernst Schulz","05/16/1936","Bexar","58","Texas","1900010"
"Arthur Baker","03/06/1924","Guadalupe","52","Mexico","1900011"
"Bridget O'Brien","01/21/1922","Bexar","71","Texas","1900012"
"Siobhan Sullivan","08/21/1937","Bexar","59","Austria","1900013"
"Guadalupe López","02/11/1911","Bexar","82","Louisiana","1900014"
"Tomás Castillo","07/28/1915","Medina","62","Mexico","1900015"
"Lena Zimmermann","09/23/1933","Bexar","44","Germany","1900016"
"Ramona Salinas","04/23/1923","Bexar","62","Illinois","1900017"
"Frederick Taylor","09/07/1912","Bexar","25","Louisiana","1900018"
"Petra Molina","04/27/1917","Bexar","75","Texas","1900019"
"Lupe Sánchez","09/06/1927","Bexar","75","Kentucky","1900020"
"Carlos Sánchez","11/22/1907","Bexar","51","Texas","1900021"
"Aoife Kennedy","03/14/1909","Comal","70","Germany","1900022"
"Friedrich Wolf","04/12/1925","Bexar","66","Texas","1900023"
"Mathilde Becker","05/22/1917","Bexar","84","Texas","1900024"
"Johann Lange","01/20/1916","Bexar","68","Missouri","1900025"
"August Klein","11/25/1926","Bexar","55","Mexico","1900026"
"Katharina Schmitt","05/04/1922","Bexar","65","Texas","1900027"
"Edith Thompson","03/12/1940","Bexar","42","Mexico","1900028"
"Edith Adams","11/21/1924","Bexar","36","Texas","1900029"
"Joseph Green","07/15/1935","Wilson","63","Tennessee","1900030"
"Else Weidemann","04/05/1931","Bexar","0","Texas","1900031"
"Augusta Hoffmann","11/18/1910","Kendall","80","Mexico","1900032"
"Michael Burke","11/02/1932","Bexar","73","Germany","1900033"
"Augusta Gruenewald","06/25/1904","Bexar","68","Mexico","1900034"
"Pearl Taylor","11/11/1937","Bexar","45","Illinois","1900035"
"Luis Ramírez","08/10/1912","Bexar","2","Texas","1900036"
"Gertrud Steinemann","10/21/1935","Comal","57","Kentucky","1900037"
"Eusebio Cruz","08/22/1925","Bexar","79","Mexico","1900038"
"María Gutiérrez","03/09/1940","Wilson","76","Texas","1900039"
"Maureen O'Connor","05/22/1925","Bexar","88","Missouri","1900040"
"Luz Garza","09/03/1906","Bexar","3","Tennessee","1900041"
"Amparo Ramírez","06/27/1940","Bexar","32","Texas","1900042"
"Ernesto Castillo","12/21/1912","Bexar","58","Mexico","1900043"
"Soledad Herrera","10/22/1928","Bexar","27","Texas","1900044"
"Eileen Murphy","02/05/1914","Bexar","68","Texas","1900045"
"Henry Adams","01/23/1934","Bexar","64","Texas","1900046"
"Isidro Morales","02/04/1927","Bexar","80","Louisiana","1900047"
"Arthur Brown","03/27/1930","Bexar","65","Germany","1900048"
"Ignacio González","10/14/1906","Bexar","53","Texas","1900049"
"Consuelo Cantu","12/02/1928","Bexar","75","Ohio","1900050"
"Walter Harris","09/20/1931","Bexar","73","Texas","1900051"
"Edith King","01/08/1916","Bexar","39","Mexico","1900052"
"Elvira Martínez","09/23/1918","Comal","44","Texas","1900053"
"Grace Jones","07/18/1915","Bexar","73","Texas","1900054"
"Olga Fischer","07/11/1938","Bexar","32","Texas","1900055"
"Alice Johnson","07/11/1919","Bexar","62","Tennessee","1900056"
"Ernst Richter","12/18/1915","Bexar","44","Mexico","1900057"
"Johann Bergmann","04/28/1914","Kendall","14","Texas","1900058"
"Bernardo Rivera","05/21/1904","Bexar","57","Germany","1900059"
"George Wilson","06/25/1915","Bexar","72","Ireland","1900060"
"Conrad Lange","10/01/1925","Bexar","24","Mexico","1900061"
"Lena Meyer","02/08/1904","Kendall","50","Texas","1900062"
"Franz Lange","11/18/1903","Medina","36","Kentucky","1900063"
"Helene Weidemann","04/20/1908","Bexar","54","Missouri","1900064"
"Bertha Wilson","03/25/1937","Bexar","57","Texas","1900065"
"Wilhelmine Schulz","04/27/1938","Kendall","63","Kentucky","1900066"
"Edith Green","02/10/1928","Bexar","37","Illinois","1900067"
"Elena Treviño","02/22/1929","Bexar","43","Texas","1900068"
"Beatriz Moreno","10/06/1912","Bexar","57","Ireland","1900069"
"Pearl Green","12/22/1924","Comal","56","Mexico","1900070"
"Florencio González","10/26/1938","Bexar","39","Illinois","1900071"
"Florencio Torres","05/24/1934","Bexar","57","Texas","1900072"
"Ethel Brown","09/18/1903","Bexar","74","Texas","1900073"
"Luis Ramírez","10/25/1920","Bexar","75","Ohio","1900074"
"Eusebio Herrera","03/07/1905","Guadalupe","94","Mexico","1900075"
"Manuel Treviño","02/20/1931","Bexar","31","Mexico","1900076"
"Hans Lange","04/10/1914","Guadalupe","33","Ireland","1900077"
"Eileen Kelly","01/11/1925","Bexar","79","Texas","1900078"
"Pedro Chávez","05/10/1938","Bexar","89","Tennessee","1900079"
"Bertha White","12/16/1908","Guadalupe","86","Texas","1900080"
"Anna Schäfer","10/16/1913","Bexar","72","Mexico","1900081"
"Samuel Williams","12/01/1906","Bexar","49","Mexico","1900082"
"Francisca Cantu","02/16/1909","Bexar","55","Texas","1900083"
"Florencio Martínez","05/20/1905","Bexar","33","Texas","1900084"
"Juan Gutiérrez","12/11/1940","Bexar","41","Ireland","1900085"
"Alice Nelson","05/16/1906","Bexar","50","Tennessee","1900086"
"Bessie Roberts","07/08/1911","Kendall","77","Ohio","1900087"
"Consuelo Reyes","06/18/1915","Guadalupe","52","Texas","1900088"
"Conrad Mueller","03/08/1904","Bexar","70","Texas","1900089"
"James White","08/10/1914","Bexar","77","Texas","1900090"
"Louisa Miller","09/13/1913","Bexar","63","Texas","1900091"
"Carlos Reyes","10/04/1922","Bexar","94","Texas","1900092"
"Bessie Harris","11/14/1921","Bexar","59","Texas","1900093"
"Henry Perez","11/22/1905","Bexar","73","Poland","1900094"
"Gregorio Cantu","06/01/1918","Bexar","85","Mexico","1900095"
"Fergus O'Connor","12/24/1905","Bexar","65","Texas","1900096"
"Augusta Schmitt","08/07/1918","Bexar","52","Mexico","1900097"
"Clara Werner","06/13/1925","Comal","73","Texas","1900098"
"Mary Wright","01/12/1937","Bexar","72","Ireland","1900099"
"Frederick Perez","08/20/1912","Bexar","56","Poland","1900100"
"Josefa Díaz","10/04/1926","Comal","53","Texas","1900101"
"John Baker","10/17/1932","Bexar","65","Texas","1900102"
"Heinrich Lehmann","11/02/1929","Bexar","5","Germany","1900103"
"Rosa Medina","05/27/1918","Bexar","85","Texas","1900104"
"Agustín Cruz","06/07/1932","Bexar","60","Louisiana","1900105"
"George Moore","11/22/1904","Bexar","1","Mexico","1900106"
"Richard Mitchell","02/18/1937","Comal","51","Texas","1900107"
"Franz Mueller","10/16/1936","Bexar","70","Germany","1900108"
"Antonio Reyes","02/21/1925","Medina","34","Texas","1900109"
"Rosa Gutiérrez","03/28/1940","Bexar","95","Texas","1900110"
"Isidro Castillo","08/15/1921","Bexar","53","Mexico","1900111"
"Wilhelmine Braun","01/12/1912","Bexar","52","Germany","1900112"
"Lupe Cantu","12/24/1915","Bexar","59","Texas","1900113"
"Louisa Bergmann","09/17/1939","Bexar","79","Kentucky","1900114"
"Gregorio Herrera","02/09/1916","Bexar","31","Mexico","1900115"
"Patrick Burke","11/26/1909","Bexar","4","Texas","1900116"
"Ignacio Cantu","10/15/1926","Bexar","85","Texas","1900117"
"Ethel Thompson","12/24/1922","Bexar","59","Texas","1900118"
"Arthur Anderson","01/26/1925","Bexar","59","Texas","1900119"
"Frieda Weidemann","02/08/1928","Bexar","40","Texas","1900120"
"Anna Schroeder","03/16/1917","Bexar","62","Texas","1900121"
"Luis Chávez","07/07/1936","Bexar","86","Texas","1900122"
"Henry Thompson","03/25/1917","Bexar","51","Mexico","1900123"
"Robert Martin","01/06/1921","Bexar","60","Texas","1900124"
"Soledad López","04/24/1913","Bexar","45","Ohio","1900125"
"Carlos Martínez","12/22/1923","Bexar","62","Mexico","1900126"
"Arthur Wilson","11/25/1934","Bexar","35","Mexico","1900127"
"Manuel Rodríguez","03/10/1915","Bexar","82","Texas","1900128"
"Kathleen Sullivan","06/09/1916","Medina","75","Texas","1900129"
"Feliciano Salinas","06/25/1923","Bexar","80","Texas","1900130"
"Lupe Sánchez","08/15/1925","Kendall","37","Tennessee","1900131"
"Bertha Schmitt","10/27/1915","Bexar","61","Louisiana","1900132"
"Ethel Brown","01/17/1940","Wilson","53","Tennessee","1900133"
"Franz Bauer","06/28/1929","Bexar","49","Texas","1900134"
"Charles Martin","07/10/1917","Bexar","55","Ireland","1900135"
"Emilie Weber","07/08/1921","Comal","6","Texas","1900136"
"Dolores Martínez","03/25/1919","Bexar","80","Texas","1900137"
"Ernesto Cantu","08/10/1923","Bexar","71","Mexico","1900138"
"Ramón Salinas","02/13/1912","Bexar","1","Texas","1900139"
"Frederick Harris","01/20/1920","Guadalupe","76","Mexico","1900140"
"Harold Green","05/16/1928","Bexar","55","Texas","1900141"
"Bessie Mitchell","03/26/1927","Bexar","60","Texas","1900142"
"Ida Wolf","09/18/1908","Bexar","50","Germany","1900143"
"Héctor Rodríguez","02/14/1940","Bexar","57","Texas","1900144"
"Albert Wright","06/19/1931","Bexar","52","Texas","1900145"
"James Adams","06/08/1920","Medina","86","Texas","1900146"
"Bertha Brown","03/15/1930","Bexar","75","Texas","1900147"
"Marta Schmitt","04/02/1928","Bexar","3","Louisiana","1900148"
"Beatriz Morales","10/03/1938","Kendall","65","Texas","1900149"
"Petra Reyes","02/04/1914","Bexar","88","Ireland","1900150"
"Ernesto Fuentes","04/11/1931","Bexar","44","Texas","1900151"
"Bertha Harris","05/10/1916","Bexar","82","Texas","1900152"
"Juana Moreno","10/22/1931","Guadalupe","74","England","1900153"
"Consuelo Molina","07/28/1909","Medina","54","Germany","1900154"
"Ida Harris","03/19/1939","Bexar","78","Texas","1900155"
"Harriet Harris","04/20/1930","Bexar","57","Texas","1900156"
"Friedrich Lehmann","06/12/1931","Comal","0","Mexico","1900157"
"Clarence Wilson","10/02/1935","Bexar","19","Texas","1900158"
"Anna Lehmann","10/01/1933","Comal","91","Mexico","1900159"
"Ida Scott","02/17/1928","Medina","63","Texas","1900160"
"Pedro García","09/01/1911","Bexar","78","Germany","1900161"
"Walter Williams","06/03/1929","Bexar","76","Mexico","1900162"
"Otto Steinemann","06/16/1928","Bexar","68","Louisiana","1900163"
"Felicitas Rivera","11/24/1915","Bexar","33","Mexico","1900164"
"Francisca Rodríguez","07/25/1932","Bexar","67","Tennessee","1900165"
"George Harris","06/19/1916","Bexar","63","Germany","1900166"
"Ruth Smith","05/15/1923","Bexar","74","Texas","1900167"
"Joseph Green","03/19/1923","Medina","88","Mexico","1900168"
"Emma Thompson","12/14/1907","Bexar","51","Texas","1900169"
"Guadalupe Martínez","08/19/1908","Bexar","62","Germany","1900170"
"José Martínez","12/23/1918","Bexar","74","Texas","1900171"
"Jesús Salinas","03/01/1914","Bexar","42","Texas","1900172"
"Clara Wagner","03/24/1909","Bexar","32","Texas","1900173"
"James Allen","02/03/1919","Bexar","81","Texas","1900174"
"Jesús Pérez","07/11/1931","Bexar","69","Texas","1900175"
"Richard Smith","07/05/1914","Bexar","91","Germany","1900176"
"Elvira Díaz","05/23/1909","Bexar","50","Texas","1900177"
"Clarence Thompson","09/19/1926","Bexar","87","Mexico","1900178"
"Mary White","12/24/1939","Bexar","46","Kentucky","1900179"
"Tomás López","02/22/1934","Bexar","71","Texas","1900180"
"Patrick Flanagan","12/18/1927","Bexar","89","Texas","1900181"
"Juana Pérez","11/26/1912","Bexar","77","Mexico","1900182"
"Amparo Herrera","02/24/1924","Bexar","73","Germany","1900183"
"Fiona Brennan","04/19/1906","Medina","89","England","1900184"
"Remedios García","05/03/1904","Bexar","80","Texas","1900185"
"Helen Baker","11/10/1922","Bexar","50","Austria","1900186"
"Antonio García","12/28/1905","Bexar","79","Louisiana","1900187"
"Ernst Schulz","09/16/1919","Bexar","59","Texas","1900188"
"Elena Medina","07/15/1921","Bexar","78","Texas","1900189"
"Isidro Ortiz","06/14/1909","Bexar","11","Texas","1900190"
"Eusebio Ramos","03/09/1939","Bexar","81","Kentucky","1900191"
"Agustín Morales","01/25/1905","Bexar","62","Texas","1900192"
"Conrad Becker","01/13/1920","Bexar","92","Texas","1900193"
"Brendan Connelly","12/23/1915","Bexar","5","Texas","1900194"
"Ida Wright","03/05/1940","Bexar","55","Mexico","1900195"
"Ramón Morales","01/09/1932","Bexar","35","Mexico","1900196"
"Anna Schroeder","10/10/1913","Bexar","63","Ohio","1900197"
"Richard Brown","10/12/1911","Guadalupe","86","Germany","1900198"
"Gertrud Koch","07/16/1937","Bexar","60","Texas","1900199"
"Carmen Fuentes","07/07/1935","Bexar","67","Tennessee","1900200"
"Nellie Baker","12/04/1928","Bexar","76","Missouri","1900201"
"Bessie Nelson","02/04/1913","Wilson","4","Texas","1900202"
"Francisco Garza","07/16/1927","Bexar","73","Tennessee","1900203"
"Josefa Sánchez","10/05/1911","Bexar","38","Texas","1900204"
"Agustín Salinas","05/15/1914","Guadalupe","70","Texas","1900205"
"Florencio Salinas","05/18/1923","Bexar","72","Ohio","1900206"
"Bridget Connelly","01/10/1939","Bexar","75","Kentucky","1900207"
"Klaus Zimmermann","05/20/1939","Wilson","68","Texas","1900208"
"Carmen Vásquez","01/19/1940","Bexar","69","Texas","1900209"
"Teresa Martínez","01/26/1914","Bexar","89","Texas","1900210"
"Fergus Flanagan","06/08/1908","Bexar","4","Texas","1900211"
"Guadalupe Medina","06/05/1906","Bexar","47","Texas","1900212"
"Felicitas Torres","10/21/1931","Bexar","57","Texas","1900213"
"Isidro Cantu","09/17/1936","Bexar","32","England","1900214"
"Carlos Rivera","02/05/1911","Bexar","44","Ireland","1900215"
"Bessie Taylor","05/21/1920","Bexar","74","Texas","1900216"
"Sarah Smith","07/27/1907","Bexar","30","Texas","1900217"
"Hans Steinemann","04/01/1934","Bexar","72","Germany","1900218"
"Joseph Smith","04/28/1931","Bexar","51","Texas","1900219"
"Gregorio Gutiérrez","05/10/1903","Bexar","43","Texas","1900220"
"Héctor Morales","04/13/1922","Bexar","15","Texas","1900221"
"Franz Schulz","03/17/1908","Bexar","84","Kentucky","1900222"
"Ernesto Díaz","04/07/1927","Bexar","49","Mexico","1900223"
"Walter Thompson","04/03/1925","Guadalupe","30","Louisiana","1900224"
"Patrick Murphy","07/04/1922","Bexar","90","Mexico","1900225"
"Katharina Bergmann","05/26/1911","Wilson","67","Texas","1900226"
"Kieran Walsh","06/25/1913","Medina","4","Texas","1900227"
"Henry King","10/14/1929","Medina","69","Germany","1900228"
"Henry Jones","08/06/1918","Bexar","78","Germany","1900229"
"Helene Schulz","03/10/1917","Bexar","80","Ohio","1900230"
"Ludwig Richter","06/13/1904","Bexar","49","Texas","1900231"
"Margarita Domínguez","11/17/1925","Bexar","52","Germany","1900232"
"Consuelo Rodríguez","06/18/1912","Bexar","53","Missouri","1900233"
"Franz Schroeder","01/10/1930","Bexar","37","Texas","1900234"
"Isidro Domínguez","07/05/1923","Bexar","77","Texas","1900235"
"José Martínez","03/10/1931","Bexar","62","Germany","1900236"
"Henry Williams","10/23/1916","Bexar","66","Kentucky","1900237"
"Florencio Reyes","08/24/1934","Bexar","75","Texas","1900238"
"Lupe Flores","09/10/1933","Bexar","39","Louisiana","1900239"
"Frieda Meyer","03/14/1935","Bexar","50","Germany","1900240"
"Ida Harris","10/19/1931","Comal","66","Ohio","1900241"
"Juan Domínguez","02/06/1938","Bexar","74","Texas","1900242"
"Guadalupe Chávez","04/05/1933","Bexar","66","Ohio","1900243"
"Anna Richter","05/15/1913","Bexar","17","Missouri","1900244"
"Hedwig Werner","06/03/1929","Bexar","33","Texas","1900245"
"Clarence Smith","09/14/1933","Bexar","68","Austria","1900246"
"Tomás Vásquez","01/24/1911","Bexar","57","Texas","1900247"
"Kieran Kennedy","11/18/1918","Bexar","30","Louisiana","1900248"
"Alice Roberts","06/10/1915","Comal","76","Texas","1900249"
"Liam Kennedy","10/26/1937","Bexar","72","Texas","1900250"
"Alice Taylor","06/28/1906","Bexar","2","Texas","1900251"
"Lillie Wright","07/01/1927","Bexar","66","Mexico","1900252"
"Carlos Morales","11/21/1940","Bexar","73","Mexico","1900253"
"Rafael Herrera","03/04/1906","Kendall","67","Texas","1900254"
"Wilhelm Wagner","10/22/1937","Bexar","53","Texas","1900255"
"Emil Weidemann","07/28/1925","Medina","42","Illinois","1900256"
"Brigid Walsh","12/07/1938","Kendall","41","Poland","1900257"
"Ramón Reyes","07/25/1927","Bexar","69","Mexico","1900258"
"Ludwig Schulz","04/10/1906","Bexar","85","Mexico","1900259"
"Concepción Molina","12/28/1930","Bexar","29","Texas","1900260"
"Walter Weidemann","10/13/1903","Bexar","51","Tennessee","1900261"
"Walter Smith","08/18/1907","Bexar","80","Texas","1900262"
"Grace Baker","04/01/1933","Bexar","79","Germany","1900263"
"Conrad Werner","08/07/1911","Bexar","4","Tennessee","1900264"
"Grace Jackson","03/04/1926","Bexar","77","Mexico","1900265"
"Gerhard Schwarz","04/26/1920","Bexar","67","Texas","1900266"
"Francisca Castillo","05/12/1909","Bexar","68","Texas","1900267"
"Ruth Miller","02/11/1938","Bexar","87","Mexico","1900268"
"Else Fischer","07/03/1925","Bexar","50","Mexico","1900269"
"Ignacio Molina","10/03/1916","Wilson","70","Mexico","1900270"
"Ernst Schmitt","08/13/1939","Bexar","79","Mexico","1900271"
"Catalina Pérez","02/22/1937","Bexar","75","Texas","1900272"
"Hans Bergmann","11/27/1931","Bexar","52","Texas","1900273"
"Florencio Moreno","01/14/1920","Bexar","0","Mexico","1900274"
"Florencio Rivera","10/14/1930","Bexar","83","Texas","1900275"
"Else Lange","04/06/1918","Bexar","52","Texas","1900276"
"Teresa Domínguez","03/10/1936","Bexar","68","Texas","1900277"
"Elizabeth White","09/23/1933","Bexar","50","Kentucky","1900278"
"Héctor Hernández","12/23/1922","Bexar","80","Texas","1900279"
"Eugene Miller","12/25/1940","Bexar","61","Texas","1900280"
"Francisca Martínez","11/04/1934","Bexar","50","Mexico","1900281"
"Esperanza Garza","01/02/1915","Bexar","61","Germany","1900282"
"Ida Mitchell","10/06/1924","Bexar","77","Germany","1900283"
"Francisca Cantu","11/15/1933","Bexar","53","Texas","1900284"
"Aurelio García","05/05/1916","Medina","3","Mexico","1900285"
"William Roberts","01/09/1934","Bexar","84","Louisiana","1900286"
"Anna Hartmann","02/26/1938","Bexar","62","Texas","1900287"
"Karl Meyer","01/09/1918","Bexar","60","Texas","1900288"
"Margarita García","07/22/1909","Guadalupe","67","Texas","1900289"
"Ida Lange","03/25/1913","Bexar","34","Texas","1900290"
"Bertha Weber","01/23/1918","Bexar","33","Texas","1900291"
"Augusta Schroeder","04/10/1938","Guadalupe","39","Texas","1900292"
"Eugene Jones","12/15/1919","Bexar","73","Mexico","1900293"
"Dolores Gutiérrez","05/26/1922","Bexar","64","Texas","1900294"
"Bernardo Molina","02/08/1914","Bexar","57","Texas","1900295"
"Amparo Fuentes","02/02/1927","Bexar","47","Missouri","1900296"
"James Young","03/13/1932","Guadalupe","34","Texas","1900297"
"Bertha Wilson","09/07/1936","Bexar","37","Texas","1900298"
"Heinrich Richter","03/20/1933","Bexar","61","Texas","1900299"
"Michael Burke","10/02/1926","Bexar","50","Texas","1900300"
"Albert Perez","06/28/1928","Bexar","79","Texas","1900301"
"Ernesto Garza","12/08/1904","Bexar","69","Texas","1900302"
"Adolph Lehmann","10/21/1940","Bexar","50","Texas","1900303"
"Augusta Hoffmann","01/23/1919","Bexar","85","Texas","1900304"
"Carmen Ramírez","10/16/1906","Bexar","65","Texas","1900305"
"Andrés Flores","06/23/1925","Bexar","67","Texas","1900306"
"Harriet Davis","06/13/1920","Bexar","74","Ohio","1900307"
"Wilhelm Schwarz","02/26/1929","Bexar","95","Louisiana","1900308"
"Jesús Reyes","12/10/1936","Bexar","56","Texas","1900309"
"Isidro Cantu","01/24/1932","Bexar","61","Austria","1900310"
"Ignacio Martínez","12/06/1934","Comal","91","Ireland","1900311"
"Augusta Lange","12/19/1930","Bexar","39","Germany","1900312"
"Charles Martin","03/23/1906","Bexar","52","Illinois","1900313"
"Arthur Davis","01/05/1934","Bexar","59","Texas","1900314"
"Frieda Mueller","04/01/1937","Bexar","53","England","1900315"
"Sarah Taylor","11/04/1917","Bexar","60","Texas","1900316"
"Mabel Williams","12/17/1907","Bexar","59","Illinois","1900317"
"Teresa Ramos","10/18/1912","Bexar","52","Tennessee","1900318"
"Elvira González","03/28/1922","Guadalupe","65","Missouri","1900319"
"Tomás García","12/16/1903","Bexar","88","Tennessee","1900320"
"Albert Baker","10/15/1905","Bexar","77","Texas","1900321"
"Colm Gallagher","04/17/1907","Bexar","59","Texas","1900322"
"Edward Moore","11/21/1937","Bexar","72","Mexico","1900323"
"Pedro Reyes","05/09/1916","Medina","2","Mexico","1900324"
"Brigid Flanagan","01/17/1907","Comal","49","Texas","1900325"
"Fergus O'Connor","05/18/1931","Bexar","52","Mexico","1900326"
"Bertha White","11/27/1921","Bexar","50","Ireland","1900327"
"Jesús Ortiz","08/16/1934","Bexar","80","England","1900328"
"Angela Chávez","04/12/1937","Bexar","58","Louisiana","1900329"
"Thomas Smith","07/05/1910","Bexar","69","Mexico","1900330"
"Hilda Klein","04/03/1940","Bexar","72","Germany","1900331"
"Emil Schäfer","12/20/1910","Comal","0","Texas","1900332"
"Juana Vásquez","10/28/1921","Bexar","73","Texas","1900333"
"Lena Mueller","08/21/1910","Bexar","66","Texas","1900334"
"Petra Ramos","10/07/1910","Comal","27","Texas","1900335"
"Wilhelmine Lange","01/25/1940","Bexar","75","Texas","1900336"
"Wilhelmine Wagner","04/11/1920","Bexar","76","Texas","1900337"
"Isidro Domínguez","05/07/1926","Bexar","55","Missouri","1900338"
"Rosa Domínguez","09/17/1934","Bexar","93","Illinois","1900339"
"Grace Wilson","08/28/1939","Bexar","66","Germany","1900340"
"Karl Werner","12/20/1927","Bexar","63","Texas","1900341"
"Bernardo Flores","05/01/1936","Bexar","64","Tennessee","1900342"
"Louisa Lange","05/01/1920","Bexar","66","Mexico","1900343"
"Dolores Flores","04/13/1935","Comal","30","Mexico","1900344"
"Gregorio Herrera","02/21/1914","Medina","67","Texas","1900345"
"Elizabeth Green","06/14/1904","Bexar","73","Texas","1900346"
"Frieda Klein","02/18/1906","Bexar","38","Texas","1900347"
"Felicitas Chávez","01/23/1920","Bexar","60","Texas","1900348"
"Josefa Gutiérrez","05/21/1905","Bexar","65","Texas","1900349"
"Clarence Nelson","05/19/1936","Bexar","59","Texas","1900350"
"Aurelio Salinas","07/28/1925","Bexar","58","Tennessee","1900351"
"James Carter","04/11/1914","Medina","78","Texas","1900352"
"Johann Bergmann","02/28/1909","Bexar","38","Texas","1900353"
"María Torres","02/20/1932","Bexar","5","Texas","1900354"
"Colm Connelly","12/11/1906","Bexar","57","Texas","1900355"
"Olga Richter","09/11/1935","Bexar","55","Mexico","1900356"
"Edward Anderson","03/20/1935","Bexar","62","Illinois","1900357"
"José González","12/01/1917","Bexar","53","Germany","1900358"
"Charles Taylor","06/08/1914","Bexar","35","Texas","1900359"
"Sarah Allen","01/25/1921","Bexar","0","Mexico","1900360"
"Gregorio Pérez","08/24/1937","Bexar","42","Texas","1900361"
"Charles Harris","08/02/1905","Comal","60","Mexico","1900362"
"Albert Green","02/09/1926","Bexar","80","Texas","1900363"
"Eusebio Flores","03/22/1911","Bexar","68","England","1900364"
"Guadalupe Herrera","10/01/1922","Comal","41","Texas","1900365"
"Adolph Schwarz","06/04/1909","Bexar","67","Mexico","1900366"
"Guadalupe Gutiérrez","10/26/1935","Bexar","63","Mexico","1900367"
"Franz Hartmann","10/28/1920","Kendall","62","Germany","1900368"
"Ruth Thomas","07/25/1926","Bexar","12","Texas","1900369"
"Isidro Salinas","03/20/1911","Bexar","2","Mexico","1900370"
"Héctor Flores","12/26/1940","Bexar","50","Texas","1900371"
"Emilie Schmidt","05/08/1940","Bexar","55","Ohio","1900372"
"Josefa Treviño","08/24/1932","Bexar","57","Texas","1900373"
"Angela Torres","01/23/1916","Bexar","58","Illinois","1900374"
"Eusebio Rodríguez","08/15/1935","Bexar","65","Mexico","1900375"
"Frank Roberts","06/18/1913","Bexar","57","Texas","1900376"
"Gertrud Weber","05/04/1923","Bexar","61","Texas","1900377"
"Johann Bergmann","04/01/1921","Bexar","95","Mexico","1900378"
"Helen Mitchell","11/04/1919","Bexar","68","Germany","1900379"
"John Allen","10/07/1927","Bexar","65","Germany","1900380"
"Karl Koch","01/17/1925","Bexar","84","Mexico","1900381"
"Carlos Cantu","11/11/1903","Bexar","53","Texas","1900382"
"Franz Schroeder","12/17/1929","Bexar","75","Mexico","1900383"
"Rafael Pérez","04/09/1936","Bexar","50","Kentucky","1900384"
"Ignacio López","05/06/1910","Bexar","73","Texas","1900385"
"Katharina Richter","04/10/1937","Bexar","0","Texas","1900386"
"Tomás González","07/01/1921","Bexar","56","Mexico","1900387"
"Petra Domínguez","04/10/1930","Bexar","83","Texas","1900388"
"Guadalupe Díaz","01/09/1939","Bexar","70","Texas","1900389"
"Ramón Díaz","10/21/1908","Bexar","57","Germany","1900390"
"Juan Sánchez","11/02/1910","Bexar","65","Texas","1900391"
"Maureen O'Brien","08/24/1905","Bexar","80","Mexico","1900392"
"Mathilde Lange","09/25/1928","Guadalupe","31","Missouri","1900393"
"Louisa Scott","05/07/1935","Bexar","41","Texas","1900394"
"Hermann Bergmann","02/22/1937","Bexar","54","Mexico","1900395"
"Lupe López","05/07/1926","Bexar","59","Texas","1900396"
"Else Hoffmann","11/08/1933","Bexar","66","Mexico","1900397"
"Ignacio Rivera","12/17/1926","Wilson","2","Texas","1900398"
"Elena Domínguez","01/02/1912","Bexar","76","Texas","1900399"
"Eusebio Ramírez","11/18/1927","Bexar","81","Texas","1900400"
"Gustav Lange","06/12/1926","Comal","0","Louisiana","1900401"
"Albert Mitchell","02/10/1927","Bexar","75","Texas","1900402"
"Ignacio Fuentes","05/21/1903","Bexar","41","Texas","1900403"
"Pedro Molina","10/04/1920","Comal","60","Mexico","1900404"
"Clarence Allen","07/09/1925","Bexar","54","Texas","1900405"
"Catalina Rodríguez","06/25/1903","Bexar","55","Missouri","1900406"
"Miguel Herrera","05/07/1915","Bexar","39","Texas","1900407"
"James Roberts","03/09/1904","Bexar","79","Texas","1900408"
"José Vásquez","03/12/1928","Wilson","77","Kentucky","1900409"
"Rosa Pérez","12/17/1911","Bexar","59","Texas","1900410"
"Arthur Moore","02/23/1912","Comal","37","Germany","1900411"
"Colleen Burke","11/03/1939","Bexar","65","Tennessee","1900412"
"Ludwig Schmitt","11/28/1940","Comal","39","Texas","1900413"
"Aurelio Ramírez","10/10/1931","Comal","16","Texas","1900414"
"Ernst Becker","10/17/1905","Bexar","57","Texas","1900415"
"Pearl Young","12/05/1926","Bexar","59","Tennessee","1900416"
"Elena Gutiérrez","04/26/1927","Bexar","79","Illinois","1900417"
"Gustav Zimmermann","04/04/1910","Wilson","7","Texas","1900418"
"Manuel Hernández","10/12/1925","Bexar","39","Texas","1900419"
"Fergus Burke","07/02/1929","Bexar","52","Texas","1900420"
"Manuel Cruz","06/23/1940","Medina","60","Texas","1900421"
"Nellie Harris","04/03/1904","Comal","67","Texas","1900422"
"William Adams","03/09/1916","Bexar","77","Texas","1900423"
"Manuel Castillo","04/15/1914","Bexar","80","Germany","1900424"
"Feliciano Treviño","08/25/1910","Bexar","54","Texas","1900425"
"Franz Gruenewald","08/13/1935","Bexar","66","Texas","1900426"
"Francisca Cantu","11/22/1924","Bexar","86","Mexico","1900427"
"Feliciano Morales","01/04/1930","Bexar","52","Illinois","1900428"
"Esperanza Ramírez","06/07/1921","Medina","81","Texas","1900429"
"Luis Pérez","11/01/1938","Bexar","64","Texas","1900430"
"Clarence Baker","11/22/1903","Bexar","50","Poland","1900431"
"Lena Richter","12/20/1909","Bexar","89","Louisiana","1900432"
"Mathilde Lange","04/04/1908","Bexar","78","Texas","1900433"
"Else Wolf","12/03/1936","Bexar","79","Germany","1900434"
"Ida Steinemann","02/14/1934","Bexar","85","Texas","1900435"
"Ida Klein","09/18/1934","Bexar","73","Mexico","1900436"
"Andrés Treviño","11/17/1912","Bexar","69","Texas","1900437"
"Samuel Roberts","11/12/1908","Bexar","81","Mexico","1900438"
"Soledad Hernández","07/22/1908","Bexar","92","Illinois","1900439"
"Wilhelm Schwarz","02/23/1923","Bexar","78","Missouri","1900440"
"Karl Lange","10/11/1927","Bexar","54","Texas","1900441"
"Eileen Kelly","09/07/1927","Bexar","78","Mexico","1900442"
"Ramón Cantu","01/02/1932","Bexar","67","Texas","1900443"
"Eusebio Castillo","03/08/1906","Bexar","86","Mexico","1900444"
"Dolores Sánchez","12/15/1921","Bexar","76","Texas","1900445"
"Isidro Rivera","03/19/1930","Bexar","49","Poland","1900446"
"Nellie Miller","07/06/1931","Medina","50","Mexico","1900447"
"Esperanza Medina","08/26/1911","Bexar","51","Missouri","1900448"
"Colm O'Connor","06/19/1903","Bexar","80","Texas","1900449"
"Conrad Schmitt","06/26/1919","Bexar","37","Austria","1900450"
"Beatriz Molina","03/19/1938","Bexar","53","Texas","1900451"
"Walter Schroeder","10/10/1912","Bexar","73","England","1900452"
"Heinrich Klein","08/23/1916","Bexar","33","Texas","1900453"
"Anna Wagner","09/18/1936","Bexar","57","Tennessee","1900454"
"Harriet Smith","08/16/1938","Bexar","0","Germany","1900455"
"George Moore","04/03/1921","Bexar","1","Mexico","1900456"
"José Morales","08/21/1928","Bexar","34","Mexico","1900457"
"Edward Jones","01/26/1934","Bexar","57","Germany","1900458"
"Ida Johnson","05/07/1918","Bexar","3","Texas","1900459"
"Edith Perez","06/24/1905","Bexar","74","Mexico","1900460"
"Adolph Hartmann","12/13/1937","Bexar","42","Illinois","1900461"
"Ludwig Klein","05/18/1931","Bexar","51","Texas","1900462"
"Lupe Flores","01/10/1924","Bexar","80","Texas","1900463"
"Colleen Walsh","07/12/1911","Bexar","68","Missouri","1900464"
"Antonio Castillo","01/03/1925","Bexar","26","Texas","1900465"
"Karl Gruenewald","02/04/1938","Bexar","36","Missouri","1900466"
"Tomás Molina","07/24/1913","Bexar","62","Texas","1900467"
"George Johnson","04/03/1927","Bexar","38","Mexico","1900468"
"Pedro Cantu","01/22/1922","Bexar","63","Germany","1900469"
"Tomás Molina","12/16/1910","Wilson","58","Kentucky","1900470"
"Catalina Morales","09/28/1907","Bexar","92","Tennessee","1900471"
"Francisca Torres","04/15/1904","Medina","59","Texas","1900472"
"Heinrich Hartmann","11/16/1930","Bexar","72","Mexico","1900473"
"Manuel Pérez","01/15/1920","Bexar","39","Tennessee","1900474"
"Bertha Jones","01/16/1940","Bexar","21","Mexico","1900475"
"Hermann Werner","03/10/1919","Guadalupe","63","Texas","1900476"
"Bertha Gruenewald","06/23/1911","Wilson","76","Texas","1900477"
"John Nelson","05/28/1904","Bexar","76","Texas","1900478"
"Carlos Treviño","05/14/1930","Bexar","57","Illinois","1900479"
"Heinrich Meyer","07/07/1905","Bexar","79","Texas","1900480"
"Sophie Braun","10/15/1920","Bexar","62","Texas","1900481"
"Héctor Herrera","07/15/1927","Bexar","41","Texas","1900482"
"Teresa Castillo","04/06/1903","Bexar","54","Texas","1900483"
"Frank Miller","11/10/1911","Guadalupe","66","Mexico","1900484"
"Francisco García","05/19/1904","Bexar","70","Texas","1900485"
"Remedios Pérez","04/14/1938","Bexar","74","Missouri","1900486"
"Amparo Hernández","04/16/1937","Bexar","56","Kentucky","1900487"
"Concepción Ramos","04/25/1937","Bexar","50","Texas","1900488"
"Tomás Garza","11/07/1906","Bexar","64","Texas","1900489"
"Franz Schmidt","12/23/1911","Bexar","68","Germany","1900490"
"Eugene Anderson","06/01/1940","Bexar","42","Ireland","1900491"
"Concepción Cantu","10/28/1939","Bexar","77","Poland","1900492"
"Bernardo Medina","07/13/1910","Bexar","79","Texas","1900493"
"Josefa Pérez","01/07/1933","Guadalupe","51","Texas","1900494"
"Andrés Díaz","02/10/1928","Guadalupe","76","Germany","1900495"
"Bertha Gruenewald","11/14/1907","Bexar","59","Texas","1900496"
"Elena Domínguez","08/06/1938","Bexar","53","Texas","1900497"
"Rafael Morales","05/12/1937","Bexar","1","Texas","1900498"
"Olga Schulz","04/22/1908","Bexar","53","Poland","1900499"
"George Taylor","05/23/1915","Guadalupe","78","Texas","1900500"
"Ernst Weidemann","03/03/1927","Bexar","68","Texas","1900501"
"Manuel Moreno","12/04/1929","Bexar","31","Germany","1900502"
"Soledad Moreno","08/12/1919","Bexar","56","Texas","1900503"
"Francisco Díaz","06/08/1915","Bexar","72","Tennessee","1900504"
"Angela Cantu","09/01/1910","Comal","87","Texas","1900505"
"Gustav Koch","09/24/1919","Bexar","63","Ireland","1900506"
"Lillie Williams","04/22/1912","Bexar","66","Mexico","1900507"
"Ignacio Morales","12/24/1905","Bexar","91","Mexico","1900508"
"Bruno Koch","04/13/1927","Bexar","64","Texas","1900509"
"Juana Molina","12/17/1914","Bexar","56","Mexico","1900510"
"José Sánchez","03/03/1908","Medina","77","Texas","1900511"
"Edith Perez","10/09/1917","Bexar","64","Ohio","1900512"
"Ida Perez","02/25/1935","Bexar","63","Ireland","1900513"
"Mary Taylor","03/18/1906","Bexar","66","Kentucky","1900514"
"Carlos Hernández","04/11/1916","Bexar","79","Mexico","1900515"
"Ethel Mitchell","03/08/1921","Bexar","35","Louisiana","1900516"
"Tomás Cruz","04/22/1940","Bexar","79","Missouri","1900517"
"Edith Young","04/20/1912","Bexar","54","Texas","1900518"
"Bruno Hartmann","05/12/1933","Bexar","76","Germany","1900519"
"Edith Scott","11/21/1910","Bexar","82","Texas","1900520"
"Bernardo Gutiérrez","02/27/1936","Bexar","82","Texas","1900521"
"Carmen Ramos","02/19/1934","Bexar","74","Texas","1900522"
"Elvira Ortiz","12/08/1910","Guadalupe","59","Tennessee","1900523"
"Karl Schwarz","05/28/1935","Wilson","73","Texas","1900524"
"Anna Schwarz","04/03/1914","Bexar","78","Kentucky","1900525"
"Soledad Ramírez","05/23/1936","Bexar","73","Tennessee","1900526"
"Else Steinemann","05/12/1904","Bexar","79","Texas","1900527"
"Bertha Allen","02/06/1926","Guadalupe","76","Illinois","1900528"
"Grace Nelson","06/14/1931","Bexar","59","Texas","1900529"
"Conrad Mueller","08/02/1922","Bexar","54","England","1900530"
"Adolph Mueller","09/06/1927","Bexar","80","Texas","1900531"
"Margarita Sánchez","10/21/1918","Bexar","72","Mexico","1900532"
"Aoife O'Connor","12/09/1914","Bexar","58","Texas","1900533"
"Otto Schulz","10/03/1926","Bexar","95","Texas","1900534"
"Esperanza Torres","08/26/1931","Comal","2","Mexico","1900535"
"Soledad Salinas","05/05/1923","Bexar","51","Texas","1900536"
"Olga Weidemann","10/04/1914","Comal","66","Germany","1900537"
"Olga Schulz","11/12/1918","Bexar","60","Texas","1900538"
"Wilhelmine Meyer","01/01/1916","Bexar","86","Mexico","1900539"
"Nellie Perez","07/07/1933","Bexar","78","Mexico","1900540"
"Petra Ramírez","06/23/1907","Bexar","77","Texas","1900541"
"Edith Martin","08/02/1921","Bexar","50","Missouri","1900542"
"Fergus Connelly","03/13/1906","Bexar","88","Germany","1900543"
"Edward Roberts","06/08/1904","Bexar","38","Mexico","1900544"
"Concepción Rivera","09/17/1914","Medina","79","Texas","1900545"
"Walter Schmidt","04/10/1903","Bexar","29","Mexico","1900546"
"Else Wolf","04/12/1904","Bexar","7","Mexico","1900547"
"Frederick Harris","06/01/1919","Bexar","32","Illinois","1900548"
"Gregorio Ortiz","12/16/1906","Comal","39","Texas","1900549"
"Elena Domínguez","02/11/1909","Comal","72","Texas","1900550"
"James Nelson","08/18/1911","Bexar","53","Texas","1900551"
"Ramón Martínez","11/08/1935","Bexar","54","Texas","1900552"
"Gertrud Krüger","06/26/1910","Kendall","78","Texas","1900553"
"John Carter","10/14/1938","Bexar","3","Germany","1900554"
"Clara Richter","01/22/1932","Bexar","37","England","1900555"
"Jesús López","05/01/1929","Bexar","52","Texas","1900556"
"James Carter","11/10/1909","Bexar","35","Mexico","1900557"
"Aurelio Díaz","04/04/1923","Bexar","73","Texas","1900558"
"Gregorio Cantu","03/10/1913","Bexar","40","Texas","1900559"
"Soledad Pérez","07/24/1911","Bexar","47","Texas","1900560"
"Luz Rivera","04/18/1933","Medina","80","Mexico","1900561"
"Else Schwarz","07/01/1923","Bexar","82","Texas","1900562"
"Franz Wolf","10/28/1906","Bexar","52","Texas","1900563"
"Walter Koch","02/06/1939","Bexar","61","Ireland","1900564"
"Florencio Ortiz","01/15/1916","Bexar","69","Kentucky","1900565"
"Augusta Braun","12/26/1906","Bexar","74","Texas","1900566"
"Thomas Perez","11/13/1922","Comal","34","Germany","1900567"
"Anna Gruenewald","02/17/1907","Bexar","63","Texas","1900568"
"Andrés Pérez","08/17/1917","Bexar","8","Texas","1900569"
"Franz Hoffmann","05/11/1919","Wilson","59","Germany","1900570"
"Johann Fischer","10/22/1907","Bexar","39","Texas","1900571"
"Amparo Ramírez","06/25/1928","Bexar","46","Missouri","1900572"
"Florencio Chávez","11/28/1914","Bexar","0","Louisiana","1900573"
"Else Krüger","11/14/1933","Bexar","75","Texas","1900574"
"George Davis","09/12/1914","Bexar","80","Mexico","1900575"
"Helene Gruenewald","10/08/1920","Bexar","67","Texas","1900576"
"Harriet Miller","08/14/1912","Bexar","39","Germany","1900577"
"Mabel Harris","08/08/1933","Bexar","5","Texas","1900578"
"Angela Salinas","04/07/1940","Bexar","67","Texas","1900579"
"Josefa Moreno","05/02/1939","Bexar","93","Tennessee","1900580"
"Katharina Zimmermann","10/27/1932","Bexar","40","Louisiana","1900581"
"Felicitas López","07/28/1931","Bexar","34","Germany","1900582"
"Louisa Bergmann","09/22/1923","Wilson","89","Texas","1900583"
"Isidro Medina","07/19/1932","Bexar","82","Germany","1900584"
"Edward Allen","07/01/1928","Bexar","92","Texas","1900585"
"Sophie Gruenewald","04/18/1911","Bexar","3","Texas","1900586"
"Walter Davis","11/13/1927","Bexar","53","Texas","1900587"
"Wilhelm Krüger","03/13/1919","Bexar","67","Missouri","1900588"
"Clara Neumann","10/11/1936","Bexar","60","Texas","1900589"
"Katharina Becker","05/10/1905","Bexar","65","Texas","1900590"
"Beatriz Cantu","05/28/1929","Bexar","50","Texas","1900591"
"Feliciano Gutiérrez","02/13/1921","Bexar","41","Germany","1900592"
"Lillie Adams","02/16/1921","Bexar","6","Texas","1900593"
"Guadalupe Castillo","02/05/1911","Bexar","35","Germany","1900594"
"Gregorio Martínez","06/14/1937","Kendall","30","Texas","1900595"
"Frieda Krüger","01/17/1934","Bexar","94","Tennessee","1900596"
"Guadalupe Fuentes","04/01/1924","Bexar","86","Texas","1900597"
"Walter Adams","08/08/1928","Bexar","60","Germany","1900598"
"Marta Fischer","12/02/1923","Bexar","2","Texas","1900599"
"Hilda Lange","06/03/1927","Bexar","65","Texas","1900600"
"Josefa Salinas","07/03/1912","Bexar","66","Kentucky","1900601"
"Bruno Schulz","03/01/1933","Bexar","85","Louisiana","1900602"
"Lupe Ramos","04/08/1908","Bexar","60","Texas","1900603"
"Edith Moore","02/08/1938","Bexar","0","Germany","1900604"
"Francisca Torres","11/13/1926","Bexar","72","Ireland","1900605"
"Katharina Mueller","09/26/1924","Guadalupe","93","Texas","1900606"
"Carlos Chávez","02/01/1927","Bexar","34","Germany","1900607"
"Pearl Thomas","02/26/1935","Bexar","66","Texas","1900608"
"Hedwig Klein","04/14/1923","Bexar","44","Texas","1900609"
"Manuel Fuentes","06/28/1938","Bexar","12","Texas","1900610"
"Luz Rodríguez","06/03/1914","Comal","74","Mexico","1900611"
"Rosa Hernández","05/03/1911","Bexar","72","Texas","1900612"
"Harold Wilson","09/15/1916","Guadalupe","51","Texas","1900613"
"Pedro Medina","08/08/1925","Bexar","64","Tennessee","1900614"
"Grace Wright","01/18/1909","Bexar","69","Texas","1900615"
"Feliciano Garza","12/01/1920","Bexar","62","Mexico","1900616"
"Ramón Martínez","09/28/1940","Medina","62","Texas","1900617"
"Robert Carter","06/10/1926","Bexar","62","Texas","1900618"
"Michael Walsh","04/25/1908","Bexar","56","Texas","1900619"
"Ida Steinemann","04/07/1909","Bexar","57","Texas","1900620"
"Charles Brown","02/22/1907","Bexar","61","Texas","1900621"
"Ida Schroeder","09/06/1906","Bexar","45","Germany","1900622"
"Florence Baker","02/27/1912","Bexar","53","Mexico","1900623"
"Ernst Hartmann","09/16/1906","Bexar","57","Texas","1900624"
"Heinrich Becker","11/20/1936","Bexar","25","Mexico","1900625"
"Mary Davis","09/05/1904","Comal","82","Mexico","1900626"
"Hedwig Weber","04/07/1920","Bexar","83","Louisiana","1900627"
"Clarence Green","01/12/1938","Bexar","87","Mexico","1900628"
"Else Schmidt","07/18/1932","Bexar","51","Texas","1900629"
"Pedro Díaz","10/17/1925","Bexar","78","Ohio","1900630"
"Hans Wagner","01/05/1933","Bexar","92","Texas","1900631"
"Alice Roberts","09/19/1919","Bexar","41","Kentucky","1900632"
"Ernst Gruenewald","04/21/1928","Bexar","43","Mexico","1900633"
"Joseph White","12/04/1936","Bexar","74","Texas","1900634"
"Concepción Castillo","04/14/1923","Bexar","76","Mexico","1900635"
"Edith Miller","06/22/1919","Guadalupe","66","Texas","1900636"
"Hans Richter","02/23/1929","Bexar","71","Texas","1900637"
"Hans Schmidt","12/20/1936","Bexar","74","Texas","1900638"
"Francisco Pérez","01/06/1919","Comal","56","Texas","1900639"
"Helen Smith","06/17/1927","Bexar","61","Texas","1900640"
"Louisa Mueller","05/07/1922","Kendall","75","Texas","1900641"
"Grace Young","12/25/1928","Bexar","8","Texas","1900642"
"Albert Jackson","03/14/1936","Bexar","85","Germany","1900643"
"Else Zimmermann","04/21/1933","Bexar","58","Texas","1900644"
"Marta Wolf","05/14/1932","Bexar","80","Texas","1900645"
"Frederick Green","01/11/1932","Bexar","75","Texas","1900646"
"Wilhelmine Becker","05/28/1915","Kendall","59","Texas","1900647"
"Bertha Hartmann","12/10/1934","Guadalupe","84","Texas","1900648"
"Dermot Sullivan","01/25/1919","Bexar","78","Germany","1900649"
"Aurelio Salinas","07/07/1912","Bexar","56","Texas","1900650"
"Fergus McCarthy","08/16/1924","Bexar","66","Texas","1900651"
"Elena Ramírez","12/23/1904","Bexar","21","Missouri","1900652"
"Esperanza Molina","12/10/1917","Bexar","4","Texas","1900653"
"August Werner","02/18/1919","Guadalupe","94","Texas","1900654"
"Karl Schmitt","02/19/1915","Kendall","55","Louisiana","1900655"
"Petra Reyes","04/26/1920","Bexar","85","Texas","1900656"
"Florencio Molina","04/11/1937","Bexar","90","Kentucky","1900657"
"Ludwig Gruenewald","03/15/1931","Kendall","71","Kentucky","1900658"
"Beatriz Martínez","02/05/1931","Bexar","63","Ohio","1900659"
"Francisco Garza","05/26/1925","Bexar","58","Texas","1900660"
"Olga Hartmann","05/22/1904","Guadalupe","76","Texas","1900661"
"Ida Fischer","07/09/1916","Bexar","57","Mexico","1900662"
"Elizabeth Jackson","03/17/1918","Kendall","60","Texas","1900663"
"Louisa Taylor","01/10/1905","Bexar","75","Germany","1900664"
"Else Neumann","08/14/1924","Guadalupe","38","Mexico","1900665"
"Emil Hartmann","10/07/1931","Bexar","53","Louisiana","1900666"
"Luz González","10/17/1934","Kendall","92","Germany","1900667"
"Florence Carter","08/22/1904","Bexar","95","Germany","1900668"
"José Pérez","07/05/1915","Kendall","66","Texas","1900669"
"Gregorio Torres","05/25/1927","Bexar","59","Texas","1900670"
"George Jones","01/12/1924","Bexar","62","Germany","1900671"
"Hilda Neumann","01/25/1938","Bexar","77","Texas","1900672"
"José Martínez","09/19/1911","Bexar","58","Texas","1900673"
"Emma Taylor","12/10/1914","Comal","66","Ohio","1900674"
"Eusebio Ramos","11/09/1914","Bexar","67","Germany","1900675"
"Ida Koch","04/17/1934","Bexar","73","Mexico","1900676"
"Thomas Davis","01/16/1912","Bexar","76","Mexico","1900677"
"Marta Koch","01/06/1927","Bexar","49","Illinois","1900678"
"Luz Hernández","12/28/1918","Bexar","67","Texas","1900679"
"Bernardo Domínguez","03/19/1920","Bexar","76","Texas","1900680"
"Ernst Wagner","01/23/1903","Comal","47","Texas","1900681"
"Amparo Sánchez","01/21/1917","Bexar","53","Ohio","1900682"
"Conrad Schmidt","02/19/1920","Bexar","58","Ireland","1900683"
"Rosa Treviño","02/17/1909","Bexar","55","Texas","1900684"
"George Baker","06/02/1939","Bexar","9","Texas","1900685"
"Thomas Miller","10/21/1939","Bexar","70","Texas","1900686"
"Ramón Salinas","03/05/1905","Bexar","13","Texas","1900687"
"Isidro Hernández","06/08/1940","Bexar","41","Texas","1900688"
"Hilda Hartmann","11/18/1914","Comal","14","Texas","1900689"
"Bertha Wright","12/23/1922","Bexar","77","Kentucky","1900690"
"Sarah Martin","04/01/1929","Bexar","43","Texas","1900691"
"Thomas Carter","12/15/1930","Guadalupe","40","Texas","1900692"
"Samuel Scott","09/05/1938","Bexar","82","Germany","1900693"
"Patrick O'Connor","10/18/1904","Medina","55","Illinois","1900694"
"Robert Wright","04/20/1939","Comal","61","Germany","1900695"
"Luz Salinas","06/14/1927","Bexar","89","Germany","1900696"
"Albert Carter","03/15/1907","Bexar","69","Germany","1900697"
"Rafael Medina","06/26/1911","Kendall","70","Texas","1900698"
"August Lehmann","08/22/1905","Bexar","62","Tennessee","1900699"
"Hedwig Gruenewald","02/19/1930","Bexar","79","Germany","1900700"
"Alice Young","05/02/1925","Bexar","54","Ireland","1900701"
"Clarence Scott","06/22/1919","Bexar","15","Ireland","1900702"
"Ramona Ortiz","02/20/1936","Bexar","82","Texas","1900703"
"Klaus Schwarz","12/15/1914","Bexar","66","Texas","1900704"
"Samuel King","11/04/1932","Bexar","48","Texas","1900705"
"Karl Koch","04/09/1918","Bexar","75","Texas","1900706"
"Mary King","07/20/1911","Comal","66","Texas","1900707"
"Isidro Rivera","09/11/1906","Comal","35","Texas","1900708"
"Aurelio García","05/09/1915","Bexar","22","Tennessee","1900709"
"Adolph Fischer","08/24/1940","Wilson","57","Mexico","1900710"
"Ethel Perez","12/22/1921","Medina","68","Germany","1900711"
"Alice Adams","10/12/1904","Bexar","61","Mexico","1900712"
"Henry Williams","08/23/1909","Bexar","66","Texas","1900713"
"Florence Carter","04/05/1935","Guadalupe","72","Ohio","1900714"
"Eileen Kelly","10/27/1931","Bexar","58","Texas","1900715"
"Luz Garza","10/26/1904","Bexar","86","Mexico","1900716"
"Sarah Perez","04/18/1930","Bexar","51","Germany","1900717"
"Elvira Garza","03/12/1939","Bexar","53","Ohio","1900718"
"Lillie Davis","02/03/1918","Bexar","78","Texas","1900719"
"Lillie Wilson","04/01/1930","Bexar","5","Germany","1900720"
"Teresa González","06/13/1908","Bexar","31","Germany","1900721"
"Felicitas Garza","10/10/1928","Bexar","63","Germany","1900722"
"Brigid Gallagher","12/17/1912","Bexar","71","Texas","1900723"
"Catalina Ramos","12/04/1919","Bexar","45","Texas","1900724"
"Jesús Ramos","05/01/1928","Bexar","57","Texas","1900725"
"Guadalupe Sánchez","01/14/1908","Bexar","82","Mexico","1900726"
"Pedro Castillo","11/14/1940","Bexar","59","Texas","1900727"
"Otto Neumann","02/12/1923","Bexar","72","Texas","1900728"
"Hilda Wolf","11/10/1931","Bexar","28","Texas","1900729"
"Marta Weber","08/18/1906","Bexar","91","Austria","1900730"
"Elena Garza","04/11/1905","Bexar","42","Germany","1900731"
"Louisa Weidemann","10/24/1922","Comal","37","Germany","1900732"
"Ludwig Richter","09/26/1922","Bexar","78","Ohio","1900733"
"Angela Molina","07/26/1922","Bexar","56","Texas","1900734"
"Alice Young","07/06/1930","Bexar","53","Mexico","1900735"
"Walter Richter","07/14/1924","Bexar","69","Texas","1900736"
"Elizabeth Roberts","03/16/1934","Guadalupe","50","Texas","1900737"
"Walter Williams","08/23/1919","Guadalupe","61","Ireland","1900738"
"Frieda Klein","01/06/1919","Medina","53","Mexico","1900739"
"Dolores Ortiz","12/09/1940","Medina","73","Tennessee","1900740"
"Klaus Fischer","07/09/1932","Bexar","53","Texas","1900741"
"Heinrich Mueller","10/11/1940","Bexar","91","Texas","1900742"
"Remedios Martínez","01/08/1934","Bexar","44","Missouri","1900743"
"Bridget Kennedy","04/21/1915","Bexar","35","Poland","1900744"
"Ernst Schwarz","01/13/1927","Bexar","53","Mexico","1900745"
"Ida Werner","02/03/1939","Bexar","1","Louisiana","1900746"
"Louisa Neumann","04/18/1927","Bexar","33","Texas","1900747"
"Emma Roberts","02/13/1927","Guadalupe","70","Texas","1900748"
"Miguel Salinas","09/12/1921","Bexar","79","Texas","1900749"
"Mary Taylor","01/17/1935","Bexar","30","Mexico","1900750"
"Gregorio Herrera","09/23/1926","Bexar","36","Texas","1900751"
"Angela Rodríguez","09/20/1916","Bexar","48","Mexico","1900752"
"Elena Ortiz","06/26/1920","Bexar","32","Germany","1900753"
"John Brown","12/20/1940","Bexar","62","Austria","1900754"
"Gregorio Medina","03/27/1936","Comal","73","Missouri","1900755"
"Wilhelm Bauer","03/17/1910","Bexar","82","Tennessee","1900756"
"Helene Wolf","04/25/1918","Bexar","75","Mexico","1900757"
"Felicitas Garza","01/24/1931","Bexar","37","Texas","1900758"
"Mabel Moore","02/28/1916","Bexar","69","Texas","1900759"
"Frieda Steinemann","05/27/1918","Bexar","61","Texas","1900760"
"Concepción Herrera","10/05/1922","Comal","58","Louisiana","1900761"
"Pedro Medina","11/22/1911","Bexar","34","Texas","1900762"
"Isidro Salinas","02/22/1917","Bexar","90","Mexico","1900763"
"María García","07/02/1939","Bexar","85","Texas","1900764"
"Gustav Lehmann","04/09/1940","Bexar","70","Texas","1900765"
"Adolph Bergmann","04/08/1930","Guadalupe","63","Texas","1900766"
"Heinrich Steinemann","11/06/1918","Bexar","55","Texas","1900767"
"Pedro Chávez","05/15/1935","Bexar","51","Texas","1900768"
"Seamus Kennedy","04/24/1904","Bexar","46","Missouri","1900769"
"Richard Baker","12/01/1936","Bexar","59","Texas","1900770"
"Sarah Scott","09/24/1930","Bexar","58","Texas","1900771"
"Luis Cruz","08/18/1927","Bexar","64","Texas","1900772"
"Ethel Jackson","08/14/1927","Bexar","81","Texas","1900773"
"María Herrera","08/01/1916","Bexar","66","Illinois","1900774"
"Franz Schulz","11/11/1935","Bexar","4","Texas","1900775"
"Lupe Garza","05/06/1925","Comal","77","Ohio","1900776"
"Augusta Wagner","01/19/1909","Bexar","77","Texas","1900777"
"Florencio Ramos","11/24/1940","Bexar","66","Ohio","1900778"
"Clarence Adams","01/18/1930","Bexar","5","Texas","1900779"
"Pearl Wilson","09/28/1940","Bexar","62","England","1900780"
"Anna Mueller","03/16/1919","Bexar","4","Mexico","1900781"
"Bessie Taylor","11/19/1936","Comal","68","Texas","1900782"
"Felicitas García","04/14/1926","Comal","64","Texas","1900783"
"Sophie Neumann","05/25/1905","Comal","86","Germany","1900784"
"Louisa Krüger","05/12/1922","Bexar","51","Ohio","1900785"
"Francisco Moreno","01/18/1937","Bexar","60","Texas","1900786"
"Ernst Weber","06/17/1905","Wilson","79","Ohio","1900787"
"Franz Lehmann","02/18/1927","Bexar","40","Texas","1900788"
"Rosa Herrera","11/15/1938","Bexar","45","Texas","1900789"
"Antonio Domínguez","05/14/1914","Bexar","79","Texas","1900790"
"Felicitas Herrera","12/14/1937","Bexar","57","Illinois","1900791"
"Olga Bergmann","07/27/1916","Bexar","58","Texas","1900792"
"Otto Hoffmann","09/14/1923","Bexar","13","Mexico","1900793"
"Hilda Bergmann","12/23/1919","Bexar","71","Texas","1900794"
"Wilhelmine Lange","08/24/1913","Bexar","54","Mexico","1900795"
"Katharina Schroeder","01/12/1910","Bexar","31","Texas","1900796"
"Friedrich Hoffmann","12/08/1931","Bexar","65","Texas","1900797"
"Conrad Weidemann","09/24/1923","Bexar","42","Tennessee","1900798"
"Klaus Gruenewald","02/17/1931","Bexar","53","Germany","1900799"
"Olga Gruenewald","07/07/1910","Bexar","60","Texas","1900800"
"Clara Meyer","09/25/1932","Bexar","74","Texas","1900801"
"Hans Wagner","04/22/1938","Bexar","64","Texas","1900802"
"John Scott","04/11/1935","Bexar","89","Mexico","1900803"
"Elena López","06/25/1935","Bexar","67","Texas","1900804"
"Edward Roberts","09/16/1914","Guadalupe","64","Texas","1900805"
"Feliciano Domínguez","09/17/1929","Comal","15","Texas","1900806"
"Grace Carter","04/24/1908","Bexar","92","Texas","1900807"
"Eileen McCarthy","09/04/1906","Bexar","68","Texas","1900808"
"Nora O'Brien","05/05/1936","Bexar","59","Mexico","1900809"
"Bertha Fischer","08/22/1923","Medina","62","Texas","1900810"
"Florence Allen","02/26/1930","Bexar","75","Texas","1900811"
"Anna Schmidt","10/02/1910","Bexar","59","Ireland","1900812"
"William Wright","03/12/1911","Bexar","58","Texas","1900813"
"Harold Jones","07/14/1905","Bexar","63","Missouri","1900814"
"Helen Nelson","01/07/1934","Bexar","51","Texas","1900815"
"Rafael Treviño","06/08/1933","Bexar","46","Poland","1900816"
"Wilhelmine Wolf","02/16/1908","Guadalupe","39","Germany","1900817"
"Clara Braun","12/03/1909","Bexar","90","Texas","1900818"
"Gustav Weidemann","02/12/1935","Bexar","45","Mexico","1900819"
"Juana Morales","09/09/1932","Bexar","25","Texas","1900820"
"Louisa Steinemann","03/25/1928","Bexar","80","Texas","1900821"
"Heinrich Lehmann","05/02/1939","Bexar","60","Ohio","1900822"
"Wilhelm Becker","01/18/1931","Bexar","38","Tennessee","1900823"
"Marta Meyer","11/10/1932","Bexar","65","Texas","1900824"
"Johann Bergmann","02/24/1918","Bexar","65","Texas","1900825"
"Aoife O'Connor","12/12/1904","Bexar","50","Texas","1900826"
"Hermann Richter","01/04/1911","Bexar","59","Texas","1900827"
"Remedios Herrera","04/01/1930","Bexar","68","Missouri","1900828"
"Kathleen Murphy","01/07/1938","Guadalupe","62","Ohio","1900829"
"Teresa Rodríguez","12/12/1915","Guadalupe","53","Tennessee","1900830"
"Samuel Harris","09/28/1936","Bexar","48","Texas","1900831"
"Bertha Thompson","09/04/1934","Bexar","57","Texas","1900832"
"Felicitas Ramírez","09/06/1938","Bexar","58","Texas","1900833"
"Bessie Taylor","04/17/1908","Bexar","61","Texas","1900834"
"Concepción Gutiérrez","06/12/1934","Bexar","59","Texas","1900835"
"John Nelson","01/26/1933","Bexar","68","Mexico","1900836"
"Rosa García","02/16/1933","Bexar","88","Mexico","1900837"
"Henry Green","01/01/1927","Bexar","74","Ireland","1900838"
"Juana Moreno","08/28/1911","Bexar","64","Kentucky","1900839"
"Frederick Mitchell","04/15/1925","Bexar","59","Mexico","1900840"
"Emma Davis","07/19/1913","Bexar","52","Mexico","1900841"
"Helen King","01/02/1913","Bexar","48","Germany","1900842"
"Elena López","10/16/1911","Bexar","95","Texas","1900843"
"Colm Brennan","07/22/1904","Bexar","52","Illinois","1900844"
"Conrad Schwarz","07/27/1911","Bexar","65","Mexico","1900845"
"José Garza","11/20/1939","Bexar","44","Texas","1900846"
"Ignacio Moreno","06/02/1904","Bexar","71","Texas","1900847"
"Ida Schmitt","04/11/1906","Bexar","75","Kentucky","1900848"
"Sarah Smith","01/02/1926","Bexar","42","Texas","1900849"
"Louisa Schulz","03/18/1931","Bexar","89","Ireland","1900850"
"Gerhard Neumann","08/19/1922","Bexar","71","Texas","1900851"
"Nellie Baker","06/24/1921","Bexar","14","Ireland","1900852"
"Bruno Meyer","09/08/1936","Bexar","75","Texas","1900853"
"Karl Steinemann","09/14/1938","Wilson","47","Mexico","1900854"
"Harriet Baker","08/04/1925","Bexar","88","Mexico","1900855"
"Amparo Medina","12/12/1924","Comal","82","Texas","1900856"
"Edward Brown","01/02/1915","Bexar","56","Texas","1900857"
"Pedro Martínez","11/14/1929","Bexar","69","Texas","1900858"
"Agustín Gutiérrez","12/28/1908","Guadalupe","4","Germany","1900859"
"Francisca Díaz","11/01/1935","Kendall","59","Mexico","1900860"
"Ida Johnson","02/12/1917","Bexar","78","Texas","1900861"
"Ramona Hernández","08/06/1931","Bexar","53","Kentucky","1900862"
"Ida Neumann","03/08/1909","Bexar","5","Texas","1900863"
"Guadalupe González","11/03/1907","Bexar","43","Texas","1900864"
"Else Neumann","11/02/1938","Comal","39","Texas","1900865"
"Agustín Díaz","06/05/1929","Bexar","42","Texas","1900866"
"Edward Anderson","01/24/1914","Bexar","51","Mexico","1900867"
"Juana Ramos","06/17/1910","Comal","2","Texas","1900868"
"Gustav Mueller","02/06/1922","Bexar","73","Texas","1900869"
"Aurelio Ramos","01/17/1924","Bexar","64","Texas","1900870"
"Katharina Schwarz","08/20/1903","Bexar","66","Texas","1900871"
"Thomas King","01/09/1908","Bexar","59","Texas","1900872"
"Karl Lehmann","06/25/1934","Bexar","51","Texas","1900873"
"Grace Young","06/20/1918","Bexar","10","Texas","1900874"
"Nora Walsh","10/20/1933","Bexar","75","England","1900875"
"Eusebio Gutiérrez","06/01/1933","Bexar","38","Mexico","1900876"
"Henry Roberts","05/27/1927","Comal","5","Germany","1900877"
"Clarence Young","02/18/1907","Bexar","64","Texas","1900878"
"Guadalupe Treviño","07/14/1933","Bexar","89","Texas","1900879"
"Emma Johnson","03/25/1921","Bexar","61","Kentucky","1900880"
"Frank Wilson","07/17/1938","Bexar","66","Texas","1900881"
"Maureen O'Brien","12/15/1903","Bexar","79","Tennessee","1900882"
"Remedios Salinas","05/23/1918","Bexar","60","Ireland","1900883"
"Michael Walsh","05/08/1922","Bexar","63","Missouri","1900884"
"Francisca Rivera","04/20/1929","Bexar","42","Germany","1900885"
"Mabel Young","04/09/1917","Bexar","68","Texas","1900886"
"Pearl Baker","08/15/1913","Bexar","71","Texas","1900887"
"Klaus Gruenewald","02/26/1929","Bexar","51","Texas","1900888"
"Florencio Herrera","08/03/1935","Comal","90","Mexico","1900889"
"Else Krüger","03/19/1940","Bexar","37","Texas","1900890"
"Sophie Meyer","09/10/1923","Bexar","0","Mexico","1900891"
"Otto Krüger","01/19/1924","Bexar","64","Germany","1900892"
"Jesús García","09/19/1929","Bexar","1","Germany","1900893"
"Aurelio Ramos","08/21/1915","Bexar","33","Mexico","1900894"
"Frederick Smith","05/27/1914","Guadalupe","80","Poland","1900895"
"Bertha Becker","10/21/1934","Bexar","57","Mexico","1900896"
"Consuelo Díaz","02/22/1906","Bexar","72","Louisiana","1900897"
"María Ortiz","06/24/1936","Bexar","35","Texas","1900898"
"Samuel Green","08/04/1920","Bexar","78","Texas","1900899"
"Gustav Werner","01/16/1904","Bexar","66","Ohio","1900900"
"Wilhelm Fischer","01/05/1912","Bexar","43","Texas","1900901"
"John Martin","11/16/1930","Bexar","93","Germany","1900902"
"Clarence White","03/12/1931","Bexar","0","Mexico","1900903"
"Bruno Wolf","05/19/1940","Bexar","56","Mexico","1900904"
"Agustín Hernández","09/07/1934","Bexar","12","Kentucky","1900905"
"Hans Lange","12/25/1915","Bexar","73","Illinois","1900906"
"Remedios Hernández","09/26/1936","Bexar","89","Texas","1900907"
"August Fischer","06/11/1911","Bexar","87","Louisiana","1900908"
"Francisco Fuentes","03/27/1937","Bexar","83","Texas","1900909"
"Eileen Flanagan","05/07/1920","Bexar","55","Ohio","1900910"
"Dermot Gallagher","01/17/1908","Bexar","53","Texas","1900911"
"Amparo Cruz","08/19/1923","Kendall","1","Ohio","1900912"
"Bruno Becker","01/01/1913","Bexar","73","Mexico","1900913"
"Elena Reyes","01/04/1931","Bexar","80","Mexico","1900914"
"Olga Krüger","03/09/1911","Bexar","86","Texas","1900915"
"Mabel Taylor","08/16/1937","Bexar","78","Texas","1900916"
"Bernardo Chávez","05/12/1911","Bexar","79","Texas","1900917"
"Carmen Vásquez","03/06/1924","Guadalupe","44","Texas","1900918"
"Héctor Chávez","07/12/1925","Bexar","34","Texas","1900919"
"Pearl Williams","04/27/1906","Bexar","68","Texas","1900920"
"Ignacio Rodríguez","02/23/1913","Bexar","69","Germany","1900921"
"Hilda Fischer","06/16/1923","Bexar","47","Germany","1900922"
"William Green","04/19/1908","Bexar","60","Germany","1900923"
"Ramona Flores","08/14/1939","Bexar","55","Poland","1900924"
"William Adams","04/12/1907","Medina","5","Texas","1900925"
"Hans Schäfer","10/05/1921","Bexar","56","Kentucky","1900926"
"Miguel Flores","06/15/1921","Bexar","79","Texas","1900927"
"Teresa Chávez","05/16/1937","Guadalupe","64","Missouri","1900928"
"Eusebio Rivera","02/16/1937","Bexar","65","Texas","1900929"
"Hilda Hoffmann","03/21/1922","Bexar","54","Texas","1900930"
"Edward Martin","01/10/1905","Comal","71","Texas","1900931"
"Ethel Martin","03/02/1910","Bexar","1","Texas","1900932"
"Clara Lehmann","03/09/1938","Comal","69","Mexico","1900933"
"Conrad Koch","03/20/1915","Bexar","58","Texas","1900934"
"Bessie King","01/12/1939","Bexar","68","Mexico","1900935"
"Grace Thompson","05/14/1914","Bexar","44","Louisiana","1900936"
"Ethel Jackson","01/23/1931","Kendall","0","Tennessee","1900937"
"Augusta Schroeder","09/03/1918","Bexar","5","Texas","1900938"
"Gregorio Medina","02/18/1913","Bexar","67","Texas","1900939"
"Luis González","05/13/1924","Bexar","66","Mexico","1900940"
"Rafael Flores","01/23/1922","Bexar","39","Texas","1900941"
"Gregorio Cruz","08/18/1923","Bexar","52","Kentucky","1900942"
"Ramona Treviño","04/17/1918","Bexar","79","Mexico","1900943"
"Florence King","03/27/1910","Bexar","71","Germany","1900944"
"Sophie Hoffmann","01/26/1905","Kendall","57","Texas","1900945"
"Franz Becker","04/22/1913","Medina","51","Mexico","1900946"
"Catalina Ramírez","05/09/1940","Bexar","66","Texas","1900947"
"Petra Moreno","03/17/1933","Bexar","61","Texas","1900948"
"Francisca González","03/05/1916","Bexar","64","Texas","1900949"
"Adolph Neumann","05/22/1916","Bexar","79","Kentucky","1900950"
"Bruno Lehmann","12/26/1908","Medina","40","Ireland","1900951"
"Nora Walsh","05/04/1912","Bexar","51","Tennessee","1900952"
"Juana Herrera","03/05/1926","Bexar","95","Texas","1900953"
"Hans Schroeder","10/18/1919","Bexar","0","Texas","1900954"
"Olga Schwarz","02/09/1926","Bexar","73","Austria","1900955"
"Lupe Gutiérrez","10/21/1912","Bexar","57","Texas","1900956"
"Florencio Reyes","05/18/1916","Guadalupe","65","Texas","1900957"
"Hermann Schroeder","06/03/1937","Bexar","69","Texas","1900958"
"Joseph Anderson","02/05/1916","Bexar","83","Texas","1900959"
"Lena Richter","06/27/1931","Bexar","61","Texas","1900960"
"Louisa Braun","11/18/1908","Bexar","57","Texas","1900961"
"Agustín Treviño","01/04/1924","Bexar","74","Texas","1900962"
"Charles Baker","02/03/1919","Bexar","86","Mexico","1900963"
"Robert Jones","02/15/1905","Bexar","76","Texas","1900964"
"Marta Lehmann","09/13/1928","Bexar","82","Texas","1900965"
"Klaus Braun","05/18/1929","Bexar","82","Mexico","1900966"
"Olga Koch","09/04/1930","Bexar","72","Texas","1900967"
"Bernardo Gutiérrez","11/07/1940","Bexar","54","Texas","1900968"
"Angela Treviño","03/20/1915","Bexar","67","Ireland","1900969"
"Robert Johnson","04/24/1908","Bexar","31","Texas","1900970"
"Consuelo Molina","02/22/1907","Bexar","78","Germany","1900971"
"Brigid Murphy","05/27/1927","Bexar","62","Texas","1900972"
"Juana Domínguez","10/16/1926","Bexar","85","Texas","1900973"
"Luis Ramos","04/06/1903","Kendall","51","Texas","1900974"
"Hedwig Schäfer","10/03/1915","Bexar","58","Kentucky","1900975"
"James Thomas","09/17/1916","Bexar","58","England","1900976"
"Samuel Mitchell","03/17/1920","Bexar","48","Germany","1900977"
"Heinrich Mueller","03/24/1934","Medina","56","Louisiana","1900978"
"Eusebio Pérez","02/12/1905","Bexar","30","Texas","1900979"
"Else Schäfer","08/22/1939","Comal","5","Texas","1900980"
"Olga Gruenewald","07/22/1928","Bexar","43","Texas","1900981"
"Dolores Rodríguez","03/05/1920","Bexar","79","Ireland","1900982"
"Josefa Ortiz","12/06/1933","Bexar","74","Illinois","1900983"
"Edith Wilson","08/12/1911","Bexar","5","Texas","1900984"
"Louisa Wilson","08/25/1908","Kendall","66","Mexico","1900985"
"Petra García","07/03/1907","Bexar","66","Ireland","1900986"
"Mabel Baker","08/07/1904","Comal","54","Texas","1900987"
"Bruno Schulz","04/20/1928","Bexar","76","Texas","1900988"
"Bertha Young","02/01/1937","Bexar","60","Mexico","1900989"
"Gregorio Morales","11/28/1917","Bexar","73","Tennessee","1900990"
"Antonio Ramírez","05/25/1917","Bexar","63","Texas","1900991"
"Carlos Torres","01/12/1915","Bexar","62","Ireland","1900992"
"Emil Weber","06/04/1912","Bexar","57","Texas","1900993"
"Hermann Braun","09/19/1937","Bexar","33","Germany","1900994"
"Franz Richter","09/01/1930","Bexar","49","Germany","1900995"
"Hilda Werner","06/04/1938","Bexar","43","Tennessee","1900996"
"Aoife Murphy","05/16/1912","Comal","78","Mexico","1900997"
"August Richter","05/26/1930","Bexar","55","Texas","1900998"
"Elizabeth Davis","03/16/1938","Guadalupe","88","Texas","1900999"
"Liam Ryan","03/11/1937","Bexar","70","Texas","1901000"
"Guadalupe Flores","01/04/1905","Bexar","71","Ohio","1901001"
"George Baker","02/08/1936","Bexar","71","Texas","1901002"
"Elena Domínguez","04/11/1926","Bexar","70","Mexico","1901003"
"Ignacio Ramírez","08/15/1927","Bexar","54","Texas","1901004"
"Henry Johnson","04/07/1920","Bexar","3","Mexico","1901005"
"Sarah Jones","06/07/1908","Bexar","66","Texas","1901006"
"Gustav Bauer","01/26/1924","Bexar","55","Texas","1901007"
"Dolores Rodríguez","06/10/1937","Bexar","67","Tennessee","1901008"
"Joseph Moore","03/21/1930","Guadalupe","34","Poland","1901009"
"Francisca Cantu","03/13/1908","Bexar","77","Kentucky","1901010"
"Augusta Wagner","05/04/1907","Bexar","57","Tennessee","1901011"
"Clarence Martin","01/01/1906","Bexar","73","Texas","1901012"
"Ernst Lehmann","11/16/1924","Bexar","71","Ohio","1901013"
"Dolores Salinas","11/07/1922","Bexar","57","Texas","1901014"
"Dolores Herrera","01/05/1929","Comal","34","Illinois","1901015"
"Ramón Molina","09/02/1929","Bexar","63","Mexico","1901016"
"Isidro García","07/21/1920","Bexar","51","Texas","1901017"
"Josefa Castillo","04/09/1939","Bexar","72","Texas","1901018"
"Margarita González","09/15/1914","Bexar","49","Mexico","1901019"
"Richard Roberts","08/10/1924","Bexar","43","Texas","1901020"
"Bridget Burke","07/13/1905","Bexar","3","Texas","1901021"
"Emil Bergmann","07/19/1908","Bexar","57","Texas","1901022"
"Florencio Rivera","01/09/1937","Bexar","54","Germany","1901023"
"Lupe Treviño","02/13/1935","Bexar","58","Texas","1901024"
"Louisa White","02/11/1938","Bexar","43","Missouri","1901025"
"Friedrich Krüger","12/27/1934","Bexar","42","Mexico","1901026"
"Anna Klein","11/24/1904","Bexar","42","Texas","1901027"
"José Torres","12/06/1936","Bexar","63","Mexico","1901028"
"Hilda Schroeder","07/16/1906","Bexar","62","Texas","1901029"
"Mary Davis","11/19/1910","Wilson","87","Ireland","1901030"
"Luz Medina","11/10/1903","Comal","82","Texas","1901031"
"Manuel Torres","07/14/1922","Bexar","63","Texas","1901032"
"William White","09/24/1911","Bexar","52","Texas","1901033"
"Ethel Davis","09/22/1912","Bexar","59","Mexico","1901034"
"Francisco Morales","09/03/1930","Comal","32","Texas","1901035"
"Jesús González","12/21/1905","Bexar","87","Mexico","1901036"
"Francisco Pérez","02/06/1911","Bexar","74","Ohio","1901037"
"Helene Zimmermann","07/21/1915","Bexar","51","Mexico","1901038"
"Helene Schmitt","12/10/1917","Bexar","84","Kentucky","1901039"
"George King","03/04/1924","Bexar","60","Texas","1901040"
"Bernardo Morales","02/10/1910","Bexar","58","Texas","1901041"
"Eamon McCarthy","12/15/1940","Bexar","31","Mexico","1901042"
"Hedwig Hartmann","11/08/1935","Bexar","27","Texas","1901043"
"Ramón Garza","04/25/1922","Bexar","95","Texas","1901044"
"Carmen Morales","08/23/1937","Bexar","95","Texas","1901045"
"Hans Bergmann","05/17/1908","Bexar","76","Texas","1901046"
"José Flores","02/18/1906","Bexar","92","Poland","1901047"
"Eugene Miller","10/05/1912","Bexar","37","Texas","1901048"
"James Williams","09/26/1929","Bexar","3","Texas","1901049"
"Teresa Ramos","11/21/1926","Bexar","34","Illinois","1901050"
"Gerhard Braun","07/14/1904","Comal","74","Texas","1901051"
"Louisa Schulz","01/02/1920","Guadalupe","85","Illinois","1901052"
"Antonio Ramos","06/08/1931","Bexar","72","Texas","1901053"
"Ida Weber","09/14/1907","Bexar","44","Poland","1901054"
"Rosa Treviño","03/19/1939","Bexar","36","Texas","1901055"
"Carmen Flores","05/14/1940","Bexar","89","Mexico","1901056"
"Thomas Brown","06/15/1937","Bexar","0","Texas","1901057"
"Ramona Fuentes","08/18/1917","Bexar","85","Texas","1901058"
"Arthur Perez","10/11/1910","Bexar","72","Texas","1901059"
"Josefa Reyes","07/26/1937","Bexar","64","Illinois","1901060"
"Mabel Wright","03/26/1933","Bexar","61","Germany","1901061"
"Frank King","02/06/1917","Bexar","76","Mexico","1901062"
"Juana Pérez","10/28/1914","Medina","53","Texas","1901063"
"Kathleen Sullivan","02/01/1908","Bexar","60","Texas","1901064"
"William Johnson","02/06/1940","Bexar","26","Germany","1901065"
"Hermann Neumann","10/12/1933","Bexar","78","Ohio","1901066"
"Concepción Castillo","09/04/1928","Bexar","79","Texas","1901067"
"Elizabeth Smith","08/08/1915","Wilson","64","Germany","1901068"
"Felicitas González","02/11/1936","Medina","22","Texas","1901069"
"Harriet Perez","04/07/1937","Bexar","53","Texas","1901070"
"Samuel Jackson","06/12/1919","Bexar","78","Texas","1901071"
"Antonio Domínguez","09/20/1930","Bexar","69","Kentucky","1901072"
"Edward Thompson","03/12/1907","Bexar","69","Germany","1901073"
"Bernardo Herrera","05/09/1939","Bexar","50","Germany","1901074"
"Ida Wright","07/17/1929","Bexar","66","Texas","1901075"
"Carlos Garza","09/07/1913","Bexar","49","Texas","1901076"
"Guadalupe Rodríguez","03/24/1911","Bexar","54","Tennessee","1901077"
"Richard Johnson","01/05/1909","Bexar","61","Texas","1901078"
"Hans Schmidt","10/10/1906","Bexar","3","Germany","1901079"
"Karl Zimmermann","09/07/1914","Bexar","68","Texas","1901080"
"Walter Bergmann","01/22/1931","Bexar","67","Texas","1901081"
"Klaus Schulz","12/15/1922","Bexar","87","Missouri","1901082"
"Liam Ryan","08/20/1927","Guadalupe","50","Kentucky","1901083"
"Arthur Carter","03/03/1938","Bexar","47","Mexico","1901084"
"Elizabeth Jackson","11/09/1935","Bexar","80","Texas","1901085"
"Grace Thomas","07/07/1931","Bexar","76","Germany","1901086"
"Manuel Morales","05/24/1926","Bexar","70","Texas","1901087"
"Florencio Moreno","04/04/1922","Bexar","79","Texas","1901088"
"Francisca Rodríguez","07/17/1915","Bexar","78","Mexico","1901089"
"Marta Lange","07/01/1921","Bexar","67","Germany","1901090"
"Hilda Schmidt","03/10/1933","Wilson","35","Germany","1901091"
"Klaus Braun","02/26/1933","Bexar","32","Texas","1901092"
"Beatriz Flores","08/23/1934","Kendall","61","Texas","1901093"
"Albert Wright","07/03/1916","Bexar","60","Texas","1901094"
"Joseph Carter","03/27/1918","Bexar","62","Mexico","1901095"
"Isidro Ramos","10/28/1939","Bexar","8","Texas","1901096"
"Héctor Vásquez","10/23/1908","Bexar","78","Mexico","1901097"
"Kieran Doyle","09/03/1931","Bexar","62","Illinois","1901098"
"Héctor Rivera","11/23/1929","Bexar","65","Texas","1901099"
"Thomas Nelson","08/03/1911","Bexar","47","Texas","1901100"
"August Bergmann","10/27/1904","Bexar","54","Texas","1901101"
"Ernst Gruenewald","10/20/1919","Bexar","76","Texas","1901102"
"Heinrich Gruenewald","09/28/1931","Bexar","60","Louisiana","1901103"
"Michael Kelly","07/04/1904","Bexar","62","Kentucky","1901104"
"Frieda Hoffmann","10/22/1920","Bexar","94","Illinois","1901105"
"Frank Thompson","08/18/1911","Guadalupe","48","Texas","1901106"
"Beatriz Rodríguez","08/24/1940","Bexar","57","Ohio","1901107"
"George Brown","02/03/1923","Medina","47","Missouri","1901108"
"Eusebio Rodríguez","09/23/1911","Bexar","65","Texas","1901109"
"Juana Morales","07/23/1934","Bexar","89","Texas","1901110"
"Samuel Davis","11/14/1930","Bexar","86","Texas","1901111"
"Henry Anderson","08/22/1911","Bexar","64","Texas","1901112"
"William Green","03/25/1928","Bexar","81","Texas","1901113"
"Samuel Thompson","01/21/1930","Bexar","58","Texas","1901114"
"Ernesto Molina","12/05/1905","Bexar","93","Mexico","1901115"
"Eusebio Cantu","01/20/1929","Comal","39","Texas","1901116"
"Soledad Rodríguez","07/21/1906","Kendall","68","Texas","1901117"
"Aoife McCarthy","11/26/1916","Bexar","55","Kentucky","1901118"
"Eusebio Moreno","03/06/1916","Bexar","31","Illinois","1901119"
"Florence Taylor","07/23/1906","Bexar","87","Mexico","1901120"
"Margarita Fuentes","03/07/1906","Comal","90","Texas","1901121"
"Luis González","07/15/1904","Bexar","43","Louisiana","1901122"
"Johann Schäfer","11/18/1904","Bexar","58","Texas","1901123"
"Louisa Bergmann","08/11/1904","Bexar","63","Texas","1901124"
"Mathilde Wagner","05/18/1909","Bexar","80","Texas","1901125"
"Elizabeth Mitchell","04/13/1921","Bexar","73","Texas","1901126"
"Petra López","11/06/1906","Bexar","49","Germany","1901127"
"Beatriz Chávez","10/20/1934","Bexar","62","Texas","1901128"
"Isidro Pérez","09/22/1932","Bexar","14","Germany","1901129"
"Clara Bauer","07/04/1938","Bexar","69","Mexico","1901130"
"Emma Green","10/08/1907","Bexar","78","Kentucky","1901131"
"Helene Wagner","12/17/1914","Bexar","65","Germany","1901132"
"Ignacio Rodríguez","07/19/1937","Bexar","52","Mexico","1901133"
"Juan Domínguez","12/24/1911","Bexar","59","Germany","1901134"
"Frieda Schäfer","08/02/1914","Bexar","40","Texas","1901135"
"Sarah Jones","11/19/1924","Bexar","59","Texas","1901136"
"Grace Brown","07/14/1913","Comal","55","Texas","1901137"
"Joseph White","10/01/1905","Bexar","95","Texas","1901138"
"Josefa Sánchez","01/03/1911","Bexar","54","Texas","1901139"
"Ramona Ortiz","08/23/1912","Bexar","78","Mexico","1901140"
"Samuel Roberts","03/28/1925","Bexar","90","Texas","1901141"
"Else Mueller","12/22/1904","Guadalupe","69","Texas","1901142"
"Isidro Pérez","06/27/1935","Bexar","73","Texas","1901143"
"Harriet Jones","02/04/1938","Bexar","56","Texas","1901144"
"Hermann Klein","09/02/1930","Bexar","60","Texas","1901145"
"Teresa Medina","03/28/1924","Wilson","77","Illinois","1901146"
"Héctor Ramírez","12/10/1936","Bexar","80","Texas","1901147"
"Soledad Hernández","07/02/1908","Bexar","82","Mexico","1901148"
"Gertrud Werner","02/07/1930","Bexar","60","Texas","1901149"
"Catalina Ortiz","11/05/1939","Bexar","54","Mexico","1901150"
"Bruno Schmitt","01/02/1927","Bexar","93","Germany","1901151"
"Frank Thomas","07/05/1924","Bexar","54","Germany","1901152"
"Walter Steinemann","12/10/1907","Bexar","88","Texas","1901153"
"Anna Zimmermann","02/20/1924","Bexar","33","Texas","1901154"
"Elizabeth Thomas","01/28/1927","Bexar","54","Missouri","1901155"
"Beatriz Garza","01/08/1909","Bexar","12","Ohio","1901156"
"Ramón García","05/14/1913","Bexar","65","Germany","1901157"
"Hedwig Weidemann","12/01/1931","Bexar","59","Texas","1901158"
"Colm O'Connor","01/16/1907","Bexar","85","Texas","1901159"
"Clarence Anderson","02/11/1925","Bexar","87","Texas","1901160"
"Colm Murphy","02/22/1931","Comal","12","Mexico","1901161"
"Elizabeth Anderson","04/21/1937","Comal","79","Texas","1901162"
"Siobhan O'Connor","05/16/1934","Bexar","63","Missouri","1901163"
"Siobhan Gallagher","09/13/1914","Bexar","78","Mexico","1901164"
"Ethel Scott","02/26/1908","Bexar","61","Texas","1901165"
"Louisa Schmidt","05/07/1930","Bexar","33","Texas","1901166"
"Frederick White","02/09/1926","Bexar","79","Texas","1901167"
"Feliciano Cruz","01/02/1918","Guadalupe","48","Texas","1901168"
"William Martin","02/12/1933","Bexar","56","Illinois","1901169"
"Samuel Davis","02/11/1907","Guadalupe","74","Mexico","1901170"
"Petra Cruz","01/19/1929","Bexar","35","Texas","1901171"
"Louisa Weber","02/01/1917","Wilson","84","Louisiana","1901172"
"Edith Anderson","02/05/1921","Bexar","71","Texas","1901173"
"Gustav Schulz","12/16/1932","Bexar","3","Texas","1901174"
"Bruno Schmitt","02/14/1926","Bexar","1","Texas","1901175"
"Heinrich Schäfer","03/24/1919","Bexar","79","Texas","1901176"
"Ramón Ramírez","12/09/1933","Bexar","58","Texas","1901177"
"Tomás Ramírez","08/03/1911","Comal","53","Texas","1901178"
"Gregorio Pérez","11/17/1921","Guadalupe","69","Germany","1901179"
"Robert Wright","05/11/1935","Kendall","53","Texas","1901180"
"Helen White","05/23/1906","Wilson","5","Ireland","1901181"
"Hans Weidemann","12/14/1917","Bexar","87","Texas","1901182"
"Rafael Hernández","05/21/1937","Kendall","89","Texas","1901183"
"Juan Salinas","11/08/1919","Bexar","50","Texas","1901184"
"Mathilde Wagner","03/15/1917","Bexar","70","Poland","1901185"
"Marta Bergmann","09/19/1917","Bexar","68","Tennessee","1901186"
"Fiona Kennedy","12/07/1914","Bexar","60","Germany","1901187"
"Otto Wagner","08/03/1929","Bexar","67","Texas","1901188"
"Margarita Moreno","03/13/1928","Bexar","2","Ohio","1901189"
"Nellie Young","06/19/1935","Bexar","37","Texas","1901190"
"Franz Hoffmann","06/26/1939","Bexar","72","Germany","1901191"
"Emma Brown","04/02/1907","Bexar","56","Germany","1901192"
"Esperanza Pérez","02/25/1930","Bexar","87","Texas","1901193"
"Florencio Ramos","11/04/1916","Comal","48","Mexico","1901194"
"Katharina Becker","03/14/1909","Bexar","75","Mexico","1901195"
"Juan Medina","10/18/1921","Bexar","91","Texas","1901196"
"Wilhelm Hoffmann","09/02/1918","Bexar","17","Missouri","1901197"
"Michael Kennedy","10/08/1916","Bexar","78","Texas","1901198"
"Consuelo Morales","05/25/1927","Bexar","61","Mexico","1901199"
"Louisa Lange","03/01/1939","Bexar","66","Louisiana","1901200"
"Ernst Meyer","08/20/1926","Comal","10","Mexico","1901201"
"Catalina Fuentes","07/20/1913","Bexar","55","Texas","1901202"
"Emil Klein","08/05/1912","Bexar","51","Texas","1901203"
"James Mitchell","05/02/1938","Bexar","79","Ohio","1901204"
"Antonio Gutiérrez","06/19/1935","Bexar","38","Ohio","1901205"
"Else Gruenewald","04/09/1933","Bexar","16","Louisiana","1901206"
"Emil Wolf","01/22/1932","Comal","65","Texas","1901207"
"Arthur Carter","09/27/1912","Bexar","3","Texas","1901208"
"Mathilde Zimmermann","11/13/1919","Bexar","34","Texas","1901209"
"Aurelio Torres","04/21/1914","Bexar","89","Louisiana","1901210"
"Antonio Vásquez","10/12/1912","Bexar","80","Texas","1901211"
"Conrad Lehmann","08/21/1934","Medina","68","Mexico","1901212"
"Hermann Richter","12/01/1935","Bexar","37","England","1901213"
"Bernardo Vásquez","05/24/1921","Bexar","38","Texas","1901214"
"Carmen Garza","10/03/1917","Bexar","74","Texas","1901215"
"María Díaz","09/19/1906","Bexar","89","Germany","1901216"
"Otto Schroeder","08/02/1936","Bexar","61","Texas","1901217"
"Remedios Morales","04/02/1928","Bexar","77","Texas","1901218"
"Eusebio Chávez","05/08/1932","Bexar","79","Texas","1901219"
"Bruno Schulz","07/05/1918","Bexar","44","Germany","1901220"
"Guadalupe Moreno","02/18/1932","Guadalupe","31","Germany","1901221"
"Adolph Fischer","02/19/1917","Bexar","74","Texas","1901222"
"Wilhelmine Schmitt","08/09/1903","Bexar","75","Germany","1901223"
"Ernesto Moreno","02/02/1927","Bexar","88","Germany","1901224"
"Angela Ortiz","08/14/1910","Bexar","77","Ohio","1901225"
"Bertha Schulz","07/23/1907","Bexar","51","Mexico","1901226"
"Michael Burke","07/28/1926","Bexar","57","Louisiana","1901227"
"Frieda Richter","03/19/1934","Bexar","1","Texas","1901228"
"Sophie Steinemann","12/22/1906","Bexar","62","Germany","1901229"
"Josefa Díaz","08/10/1906","Bexar","54","Texas","1901230"
"Juana Flores","06/16/1904","Bexar","34","Texas","1901231"
"Amparo Torres","04/26/1929","Bexar","56","Illinois","1901232"
"Arthur Williams","05/05/1929","Wilson","65","Germany","1901233"
"Rafael Herrera","11/22/1937","Bexar","72","Texas","1901234"
"Walter Smith","01/18/1915","Guadalupe","53","Ireland","1901235"
"Helene Fischer","01/28/1921","Bexar","53","Texas","1901236"
"Bridget Doyle","01/06/1921","Bexar","63","Kentucky","1901237"
"Frieda Wagner","10/08/1935","Bexar","57","Texas","1901238"
"Ernst Hartmann","12/16/1908","Bexar","44","Texas","1901239"
"Florence Martin","06/21/1929","Bexar","64","Illinois","1901240"
"Carlos Sánchez","04/28/1929","Bexar","71","Texas","1901241"
"José Vásquez","02/28/1910","Bexar","52","Ireland","1901242"
"Brigid Kennedy","03/01/1935","Bexar","4","Ireland","1901243"
"Carlos Ortiz","02/13/1925","Bexar","24","Missouri","1901244"
"James King","04/24/1912","Bexar","90","Ohio","1901245"
"Florence Wright","03/25/1917","Medina","61","Texas","1901246"
"Anna Braun","10/27/1938","Bexar","77","Texas","1901247"
"Arthur Johnson","04/26/1910","Bexar","94","Texas","1901248"
"Margarita Cantu","05/18/1911","Bexar","61","Ireland","1901249"
"José Pérez","02/28/1928","Bexar","33","Austria","1901250"
"Emma Green","02/22/1914","Bexar","53","Mexico","1901251"
"Ida Lange","01/23/1910","Bexar","79","Texas","1901252"
"Bertha Martin","09/01/1931","Bexar","68","Texas","1901253"
"Bernardo Morales","09/08/1922","Bexar","64","Mexico","1901254"
"Luis Herrera","08/15/1908","Bexar","60","Texas","1901255"
"Augusta Schulz","03/23/1912","Bexar","62","Texas","1901256"
"Thomas Anderson","10/20/1937","Bexar","68","Texas","1901257"
"Emilie Richter","05/07/1915","Bexar","9","Texas","1901258"
"Antonio Ortiz","02/26/1904","Bexar","48","Tennessee","1901259"
"Marta Fischer","10/15/1936","Guadalupe","56","Mexico","1901260"
"Thomas Anderson","06/18/1913","Wilson","81","Kentucky","1901261"
"Guadalupe Díaz","07/19/1909","Bexar","55","Texas","1901262"
"Louisa Thomas","05/02/1937","Bexar","75","Texas","1901263"
"Florencio Cantu","12/07/1931","Kendall","69","Ohio","1901264"
"Olga Koch","10/16/1938","Medina","15","Germany","1901265"
"Alice Scott","01/20/1934","Bexar","77","Kentucky","1901266"
"Otto Schmidt","12/11/1906","Wilson","83","Mexico","1901267"
"Bertha Johnson","10/14/1938","Medina","60","Ireland","1901268"
"Florence Johnson","09/16/1909","Guadalupe","64","Texas","1901269"
"Edward Roberts","12/03/1919","Bexar","77","Mexico","1901270"
"Johann Lange","12/02/1934","Bexar","54","Missouri","1901271"
"Kieran O'Connor","08/05/1912","Bexar","78","Kentucky","1901272"
"Pearl Adams","08/09/1930","Bexar","64","Tennessee","1901273"
"Adolph Meyer","11/12/1930","Bexar","76","Germany","1901274"
"Ruth White","02/04/1935","Bexar","77","Texas","1901275"
"Gertrud Hartmann","06/08/1923","Bexar","5","Texas","1901276"
"Henry Wright","09/15/1916","Bexar","71","Texas","1901277"
"Harold Green","04/12/1916","Bexar","52","Texas","1901278"
"Andrés Ramírez","12/05/1918","Bexar","31","Ireland","1901279"
"Miguel Herrera","02/23/1936","Bexar","45","Tennessee","1901280"
"Katharina Schwarz","10/22/1916","Wilson","73","Texas","1901281"
"Conrad Lange","03/27/1907","Bexar","37","England","1901282"
"Frank Young","08/26/1936","Kendall","4","Texas","1901283"
"Ida Wright","04/05/1932","Bexar","56","Texas","1901284"
"Juana Domínguez","04/27/1911","Bexar","58","Germany","1901285"
"Frederick Adams","09/24/1918","Bexar","60","Texas","1901286"
"Conrad Becker","06/24/1917","Bexar","71","Texas","1901287"
"Pearl Roberts","10/23/1936","Bexar","73","Texas","1901288"
"Friedrich Koch","02/12/1924","Bexar","65","Missouri","1901289"
"George Harris","01/02/1915","Bexar","62","Kentucky","1901290"
"Arthur Johnson","03/17/1921","Bexar","35","Germany","1901291"
"Kathleen Gallagher","10/10/1912","Bexar","64","Tennessee","1901292"
"August Schroeder","04/17/1939","Wilson","2","Tennessee","1901293"
"María Díaz","07/28/1932","Bexar","2","Texas","1901294"
"Catalina Ramos","06/15/1904","Bexar","87","Texas","1901295"
"Pedro Herrera","04/14/1907","Bexar","77","Texas","1901296"
"Heinrich Zimmermann","04/05/1903","Bexar","52","Texas","1901297"
"Ida Braun","09/13/1907","Bexar","50","Texas","1901298"
"Beatriz Salinas","03/25/1934","Bexar","79","Mexico","1901299"
"Franz Bauer","12/13/1916","Comal","95","Texas","1901300"
"Brigid Sullivan","01/12/1922","Bexar","65","Mexico","1901301"
"Henry Johnson","02/25/1937","Bexar","28","Mexico","1901302"
"Ethel Thomas","06/03/1928","Bexar","33","Germany","1901303"
"Ludwig Steinemann","04/24/1923","Bexar","62","Texas","1901304"
"Helene Wolf","01/21/1938","Bexar","53","Texas","1901305"
"Albert Wilson","12/06/1933","Bexar","82","England","1901306"
"Kathleen Flanagan","02/13/1932","Kendall","54","Mexico","1901307"
"Rosa Herrera","02/01/1935","Bexar","49","Mexico","1901308"
"Concepción Ramos","04/12/1937","Kendall","52","Texas","1901309"
"Bessie Martin","02/10/1928","Bexar","67","Texas","1901310"
"Conrad Braun","05/08/1938","Bexar","15","Texas","1901311"
"Michael Murphy","11/15/1903","Bexar","61","Texas","1901312"
"Charles Smith","11/28/1914","Bexar","3","Ireland","1901313"
"Pedro Díaz","01/10/1913","Comal","50","Texas","1901314"
"Albert Perez","05/06/1903","Bexar","67","Texas","1901315"
"Ernesto Fuentes","05/11/1911","Bexar","4","Texas","1901316"
"Louisa Anderson","11/27/1938","Bexar","71","Texas","1901317"
"Francisca Gutiérrez","11/13/1920","Bexar","53","Texas","1901318"
"Alice Smith","08/14/1939","Comal","57","Texas","1901319"
"Conrad Bergmann","07/05/1936","Bexar","5","Texas","1901320"
"Klaus Becker","09/07/1919","Bexar","58","Texas","1901321"
"Aurelio García","08/12/1910","Bexar","19","Texas","1901322"
"John Wilson","07/21/1907","Bexar","95","Texas","1901323"
"Ludwig Werner","11/20/1903","Bexar","30","Texas","1901324"
"José Sánchez","12/02/1932","Bexar","86","Texas","1901325"
"Elena González","09/18/1938","Bexar","31","Illinois","1901326"
"Frederick Miller","05/28/1904","Bexar","30","Ohio","1901327"
"Mathilde Schmitt","01/23/1929","Bexar","83","Texas","1901328"
"Katharina Steinemann","05/08/1938","Bexar","53","England","1901329"
"Samuel Perez","10/23/1915","Bexar","77","Texas","1901330"
"Consuelo Pérez","05/16/1924","Medina","56","Texas","1901331"
"Louisa Koch","06/11/1931","Bexar","76","Texas","1901332"
"Adolph Lange","02/07/1919","Bexar","33","Mexico","1901333"
"Mabel Jones","08/19/1939","Bexar","74","Texas","1901334"
"Nora Murphy","04/22/1912","Comal","31","Texas","1901335"
"Robert Thompson","09/20/1935","Guadalupe","37","Texas","1901336"
"Mary Johnson","03/02/1925","Bexar","74","Texas","1901337"
"Frieda Bergmann","07/25/1904","Bexar","93","Germany","1901338"
"Carmen Cruz","07/07/1938","Bexar","91","Texas","1901339"
"Alice Brown","09/11/1931","Bexar","90","Texas","1901340"
"Friedrich Gruenewald","12/23/1920","Bexar","69","Tennessee","1901341"
"Esperanza Morales","01/25/1938","Bexar","85","Texas","1901342"
"Guadalupe Pérez","05/11/1933","Medina","54","Tennessee","1901343"
"Sophie Steinemann","01/09/1903","Bexar","34","Germany","1901344"
"George Young","05/03/1927","Bexar","24","Illinois","1901345"
"Andrés Reyes","11/08/1907","Comal","84","Texas","1901346"
"Helen Green","08/03/1923","Bexar","66","Illinois","1901347"
"Heinrich Braun","02/02/1904","Bexar","74","Texas","1901348"
"Edward Taylor","08/28/1936","Bexar","1","Texas","1901349"
"Sophie Gruenewald","08/10/1920","Wilson","32","Kentucky","1901350"
"Remedios Treviño","04/16/1915","Bexar","54","Texas","1901351"
"Lillie Jones","12/28/1906","Bexar","62","Mexico","1901352"
"Frank Nelson","06/06/1935","Bexar","42","Tennessee","1901353"
"Rafael Vásquez","10/09/1916","Bexar","92","Texas","1901354"
"Luis López","04/26/1940","Kendall","62","Austria","1901355"
"Consuelo Gutiérrez","05/18/1919","Bexar","58","Texas","1901356"
"Brigid O'Connor","10/13/1936","Bexar","4","Mexico","1901357"
"George Young","08/11/1927","Bexar","85","Germany","1901358"
"Catalina Díaz","06/23/1922","Bexar","88","Texas","1901359"
"Friedrich Klein","06/28/1925","Bexar","3","Kentucky","1901360"
"Carlos Domínguez","03/02/1921","Bexar","79","Missouri","1901361"
"Walter Richter","06/17/1932","Bexar","11","Texas","1901362"
"Olga Steinemann","12/13/1931","Bexar","59","Germany","1901363"
"Amparo Cruz","09/14/1931","Bexar","80","Texas","1901364"
"Colleen Brennan","08/28/1929","Bexar","62","Texas","1901365"
"Mary Jackson","06/27/1913","Guadalupe","24","Texas","1901366"
"Walter Koch","10/28/1914","Bexar","71","Texas","1901367"
"Augusta Hartmann","01/25/1938","Bexar","85","Kentucky","1901368"
"Dolores Cruz","06/26/1940","Comal","49","Kentucky","1901369"
"Nora O'Connor","04/28/1927","Bexar","43","Texas","1901370"
"John Miller","09/28/1931","Bexar","59","Texas","1901371"
"William Adams","01/13/1940","Bexar","65","Missouri","1901372"
"Consuelo Ramos","08/14/1922","Bexar","60","Louisiana","1901373"
"Sophie Schmitt","09/28/1915","Bexar","50","Texas","1901374"
"Antonio Hernández","05/01/1913","Bexar","91","Germany","1901375"
"Karl Braun","07/25/1937","Bexar","67","Texas","1901376"
"Ramón Morales","01/26/1910","Bexar","70","Tennessee","1901377"
"Michael O'Brien","08/15/1933","Bexar","61","Texas","1901378"
"Lupe Gutiérrez","03/16/1908","Bexar","77","Mexico","1901379"
"Angela Ramírez","10/20/1906","Bexar","55","Texas","1901380"
"María Ramos","06/10/1925","Bexar","81","Germany","1901381"
"Rafael Ramos","02/05/1905","Bexar","32","Kentucky","1901382"
"Francisco Molina","09/14/1915","Bexar","7","Louisiana","1901383"
"Miguel Garza","08/18/1911","Bexar","5","Missouri","1901384"
"Ida Becker","11/26/1938","Bexar","69","Texas","1901385"
"Rosa Ortiz","08/10/1919","Medina","50","Texas","1901386"
"Pedro Rodríguez","04/19/1937","Medina","63","Louisiana","1901387"
"Remedios Reyes","06/13/1915","Bexar","58","Mexico","1901388"
"Gerhard Richter","02/18/1918","Bexar","52","Ohio","1901389"
"Frank White","08/24/1935","Guadalupe","79","Kentucky","1901390"
"Lena Werner","07/18/1926","Medina","34","Ohio","1901391"
"Walter Klein","03/04/1925","Guadalupe","57","Mexico","1901392"
"Hedwig Gruenewald","12/09/1927","Bexar","33","Texas","1901393"
"Manuel Moreno","11/24/1911","Bexar","68","Germany","1901394"
"Juan Treviño","04/11/1937","Comal","71","Kentucky","1901395"
"Hedwig Schulz","03/13/1925","Bexar","87","Germany","1901396"
"Francisca Martínez","12/23/1930","Bexar","62","Texas","1901397"
"Sarah Mitchell","12/21/1933","Bexar","81","Texas","1901398"
"Elizabeth King","07/23/1923","Comal","17","Mexico","1901399"
"Mabel Jones","07/16/1915","Bexar","60","Germany","1901400"
"Juan Hernández","12/16/1939","Bexar","52","Austria","1901401"
"Robert Mitchell","03/06/1932","Bexar","57","Illinois","1901402"
"Karl Braun","09/19/1917","Bexar","64","Texas","1901403"
"Mary King","09/13/1924","Bexar","59","Mexico","1901404"
"Joseph Adams","03/09/1930","Bexar","73","Ireland","1901405"
"Joseph Carter","10/01/1917","Bexar","87","Texas","1901406"
"Wilhelmine Neumann","03/05/1908","Bexar","33","Texas","1901407"
"Marta Krüger","01/20/1929","Bexar","55","Texas","1901408"
"Hermann Richter","03/08/1910","Bexar","55","Texas","1901409"
"Luz Castillo","08/12/1940","Bexar","73","Texas","1901410"
"Hedwig Zimmermann","03/12/1931","Bexar","3","Germany","1901411"
"Gregorio Reyes","12/24/1931","Bexar","32","Texas","1901412"
"Samuel Taylor","10/01/1917","Guadalupe","72","Texas","1901413"
"Eugene Wilson","12/05/1915","Bexar","84","Texas","1901414"
"Esperanza Rodríguez","05/21/1935","Comal","58","Texas","1901415"
"Wilhelm Schulz","01/13/1906","Bexar","79","Mexico","1901416"
"Henry Taylor","09/24/1929","Bexar","5","Texas","1901417"
"Francisco Herrera","08/05/1922","Bexar","92","Texas","1901418"
"Héctor Medina","03/16/1934","Comal","73","Texas","1901419"
"Juana Herrera","08/07/1906","Comal","68","Texas","1901420"
"James Baker","10/22/1935","Bexar","43","Mexico","1901421"
"Henry Baker","10/25/1934","Bexar","77","Germany","1901422"
"Friedrich Koch","07/17/1929","Bexar","3","Texas","1901423"
"Angela Salinas","06/06/1927","Bexar","30","Texas","1901424"
"Edith Jackson","01/27/1910","Comal","2","Tennessee","1901425"
"Bessie Brown","01/04/1903","Bexar","73","Texas","1901426"
"Harriet Davis","05/28/1928","Bexar","64","Missouri","1901427"
"Carmen García","10/08/1926","Bexar","72","Texas","1901428"
"Otto Schulz","08/09/1940","Bexar","75","Texas","1901429"
"Tomás Pérez","12/11/1940","Kendall","92","Texas","1901430"
"Tomás Moreno","11/27/1930","Kendall","56","Texas","1901431"
"Dolores Rivera","11/18/1938","Guadalupe","63","Louisiana","1901432"
"Lena Schäfer","12/28/1909","Bexar","46","England","1901433"
"Robert Thompson","03/17/1938","Bexar","5","Texas","1901434"
"Dolores González","06/05/1912","Bexar","5","Poland","1901435"
"Louisa King","05/06/1904","Bexar","35","Illinois","1901436"
"Mabel Moore","08/22/1927","Bexar","4","Mexico","1901437"
"Juan Chávez","07/03/1907","Bexar","70","Texas","1901438"
"Gerhard Lange","11/23/1936","Comal","85","Texas","1901439"
"Harold Thompson","05/25/1933","Bexar","50","Texas","1901440"
"Hilda Schäfer","07/03/1922","Medina","23","England","1901441"
"Elvira Treviño","02/22/1932","Bexar","40","Poland","1901442"
"Franz Krüger","11/21/1922","Bexar","11","Texas","1901443"
"Eugene Perez","02/27/1916","Guadalupe","53","Louisiana","1901444"
"Ignacio González","10/04/1922","Bexar","80","Texas","1901445"
"Alice White","08/13/1906","Bexar","75","Missouri","1901446"
"Elvira López","05/02/1930","Bexar","36","Mexico","1901447"
"Grace Taylor","02/24/1925","Bexar","94","Illinois","1901448"
"Lupe Flores","10/18/1937","Bexar","18","England","1901449"
"Arthur Davis","09/24/1920","Bexar","54","Mexico","1901450"
"Andrés Treviño","04/07/1909","Bexar","75","Mexico","1901451"
"Margarita Rivera","09/18/1916","Bexar","20","Missouri","1901452"
"Angela Cantu","09/25/1930","Kendall","47","Mexico","1901453"
"Luz Ramos","09/02/1929","Bexar","60","Mexico","1901454"
"Luz Rodríguez","02/11/1915","Bexar","83","Tennessee","1901455"
"Johann Weber","11/14/1916","Bexar","85","Mexico","1901456"
"Edward Roberts","08/21/1920","Bexar","93","Texas","1901457"
"Emil Braun","10/18/1940","Bexar","93","Texas","1901458"
"Tomás Cruz","12/08/1915","Bexar","78","Mexico","1901459"
"Mary Williams","05/16/1922","Guadalupe","80","Germany","1901460"
"Sophie Hartmann","10/09/1907","Bexar","64","Mexico","1901461"
"Emil Fischer","01/20/1919","Bexar","88","Texas","1901462"
"Karl Gruenewald","07/09/1912","Bexar","71","Texas","1901463"
"Otto Meyer","07/19/1932","Guadalupe","54","Mexico","1901464"
"George Brown","07/09/1935","Guadalupe","80","Texas","1901465"
"Emil Braun","08/26/1907","Bexar","68","Mexico","1901466"
"Luz Flores","08/23/1913","Bexar","42","Texas","1901467"
"Arthur Johnson","12/28/1906","Kendall","76","Mexico","1901468"
"Bridget O'Connor","10/14/1911","Bexar","33","Germany","1901469"
"Ernesto Ortiz","10/15/1906","Bexar","74","Texas","1901470"
"George Baker","09/06/1938","Bexar","82","Texas","1901471"
"Gerhard Wolf","06/10/1914","Wilson","3","Germany","1901472"
"Clarence Baker","07/28/1907","Bexar","31","Texas","1901473"
"Johann Wolf","04/04/1934","Bexar","89","Germany","1901474"
"Florence Scott","09/20/1933","Bexar","63","Illinois","1901475"
"Emilie Hoffmann","08/12/1911","Bexar","40","Texas","1901476"
"Guadalupe Garza","01/27/1937","Bexar","77","Texas","1901477"
"Juan Treviño","09/26/1919","Bexar","89","Texas","1901478"
"Luz Morales","09/21/1914","Bexar","62","Ohio","1901479"
"Carmen Rodríguez","02/27/1933","Bexar","34","Texas","1901480"
"Eugene Brown","05/02/1939","Bexar","58","Germany","1901481"
"Agustín Cruz","07/15/1916","Bexar","59","Ohio","1901482"
"Lupe González","07/16/1937","Bexar","42","Ohio","1901483"
"Mabel Green","12/24/1909","Medina","18","Illinois","1901484"
"Lupe Medina","11/17/1923","Bexar","61","Texas","1901485"
"Aurelio Flores","03/06/1935","Guadalupe","62","Mexico","1901486"
"Olga Schroeder","01/18/1918","Bexar","53","Ohio","1901487"
"Guadalupe González","04/14/1911","Medina","36","Germany","1901488"
"Hermann Richter","03/24/1918","Bexar","2","Texas","1901489"
"Eusebio Hernández","11/06/1914","Guadalupe","83","Tennessee","1901490"
"Franz Werner","11/21/1910","Bexar","62","Texas","1901491"
"Bessie Scott","02/18/1909","Bexar","80","Texas","1901492"
"Luz Morales","06/21/1908","Bexar","51","Germany","1901493"
"Anna Zimmermann","02/05/1929","Bexar","69","Texas","1901494"
"Hilda Werner","06/24/1917","Bexar","90","Texas","1901495"
"Ida Koch","03/16/1933","Bexar","36","Missouri","1901496"
"Louisa Klein","03/22/1915","Bexar","61","Ireland","1901497"
"Héctor García","06/14/1928","Bexar","71","Mexico","1901498"
"Adolph Hartmann","02/15/1913","Comal","53","Mexico","1901499"
