First name,Last name,Email,Membership level,Status,Member since,Renewal due,Phone,Address,City,State,Zip,Country,Surnames Researched,Research Areas
Margaret,Thompson,margaret.thompson@email.com,Individual,Active,2019-03-15,2026-03-15,(210) 555-0101,123 Oak Street,San Antonio,TX,78201,USA,"Thompson, Smith, Johnson","Bexar County TX, Wilson County TX"
Robert,Williams,robert.williams@email.com,Family,Active,2020-06-22,2026-06-22,(210) 555-0102,456 Elm Avenue,San Antonio,TX,78202,USA,"Williams, Davis, Brown","Comal County TX, Guadalupe County TX"
Patricia,Garcia,patricia.garcia@email.com,Individual,Active,2018-01-10,2026-01-10,(210) 555-0103,789 Pine Road,San Antonio,TX,78203,USA,"Garcia, Martinez, Rodriguez","Bexar County TX, Medina County TX"
James,Anderson,james.anderson@email.com,Lifetime,Active,2015-09-05,,,(210) 555-0104,321 Cedar Lane,San Antonio,TX,78204,USA,"Anderson, Wilson, Taylor","Kendall County TX, Bandera County TX"
Linda,Martinez,linda.martinez@email.com,Individual,Expired,2017-11-20,2025-11-20,(210) 555-0105,654 Maple Drive,San Antonio,TX,78205,USA,"Martinez, Lopez, Gonzalez","Webb County TX, Maverick County TX"
Michael,Robinson,michael.robinson@email.com,Family,Active,2021-02-14,2026-02-14,(210) 555-0106,987 Birch Court,San Antonio,TX,78206,USA,"Robinson, Clark, Lewis","Atascosa County TX, Frio County TX"
Elizabeth,Lee,elizabeth.lee@email.com,Student,Active,2024-08-30,2026-08-30,(210) 555-0107,147 Walnut Way,San Antonio,TX,78207,USA,"Lee, Walker, Hall","Bexar County TX"
William,Harris,william.harris@email.com,Individual,Active,2019-07-18,2026-07-18,(210) 555-0108,258 Spruce Street,San Antonio,TX,78208,USA,"Harris, Young, King","Uvalde County TX, Real County TX"
Barbara,Clark,barbara.clark@email.com,Individual,Pending,2025-12-01,2026-12-01,(210) 555-0109,369 Ash Boulevard,San Antonio,TX,78209,USA,"Clark, Wright, Scott","Karnes County TX, DeWitt County TX"
Richard,Lewis,richard.lewis@email.com,Family,Active,2016-04-25,2026-04-25,(210) 555-0110,471 Hickory Place,San Antonio,TX,78210,USA,"Lewis, Green, Adams","Gonzales County TX, Caldwell County TX"
Susan,Walker,susan.walker@email.com,Individual,Active,2020-10-12,2026-10-12,(210) 555-0111,582 Poplar Lane,San Antonio,TX,78211,USA,"Walker, Nelson, Hill","Hays County TX, Travis County TX"
Joseph,Hall,joseph.hall@email.com,Lifetime,Active,2012-05-30,,,(210) 555-0112,693 Willow Road,San Antonio,TX,78212,USA,"Hall, Moore, Jackson","Bastrop County TX, Lee County TX"
Jessica,Young,jessica.young@email.com,Individual,Expired,2018-08-15,2025-08-15,(210) 555-0113,704 Sycamore Ave,San Antonio,TX,78213,USA,"Young, White, Harris","Fayette County TX, Colorado County TX"
Thomas,King,thomas.king@email.com,Individual,Active,2022-01-08,2026-01-08,(210) 555-0114,815 Magnolia Dr,San Antonio,TX,78214,USA,"King, Martin, Thompson","Lavaca County TX, Jackson County TX"
Sarah,Wright,sarah.wright@email.com,Family,Active,2019-11-30,2026-11-30,(210) 555-0115,926 Cypress Court,San Antonio,TX,78215,USA,"Wright, Garcia, Martinez","Victoria County TX, Calhoun County TX"
Christopher,Scott,christopher.scott@email.com,Individual,Active,2021-06-17,2026-06-17,(210) 555-0116,137 Redwood Way,San Antonio,TX,78216,USA,"Scott, Rodriguez, Lewis","Refugio County TX, Bee County TX"
Karen,Green,karen.green@email.com,Student,Active,2024-01-20,2026-01-20,(210) 555-0117,248 Sequoia Street,San Antonio,TX,78217,USA,"Green, Lee, Walker","San Patricio County TX"
Daniel,Adams,daniel.adams@email.com,Individual,Expired,2017-03-05,2025-03-05,(210) 555-0118,359 Palm Boulevard,San Antonio,TX,78218,USA,"Adams, Hall, Allen","Nueces County TX, Kleberg County TX"
Nancy,Nelson,nancy.nelson@email.com,Individual,Active,2020-09-28,2026-09-28,(210) 555-0119,461 Olive Lane,San Antonio,TX,78219,USA,"Nelson, Young, Hernandez","Jim Wells County TX, Duval County TX"
Matthew,Hill,matthew.hill@email.com,Family,Active,2018-12-14,2026-12-14,(210) 555-0120,572 Cherry Road,San Antonio,TX,78220,USA,"Hill, King, Wright","Brooks County TX, Kenedy County TX"
Betty,Moore,betty.moore@email.com,Individual,Active,2023-04-22,2026-04-22,(210) 555-0121,683 Peach Place,Austin,TX,78701,USA,"Moore, Scott, Green","Willacy County TX, Cameron County TX"
Mark,Jackson,mark.jackson@email.com,Lifetime,Active,2010-07-10,,,(512) 555-0122,794 Apple Court,Austin,TX,78702,USA,"Jackson, Adams, Baker","Hidalgo County TX, Starr County TX"
Dorothy,White,dorothy.white@email.com,Individual,Pending,2025-11-15,2026-11-15,(512) 555-0123,805 Pear Lane,Austin,TX,78703,USA,"White, Nelson, Carter","Zapata County TX, Jim Hogg County TX"
Steven,Harris,steven.harris@email.com,Individual,Active,2019-02-28,2026-02-28,(512) 555-0124,916 Plum Way,Austin,TX,78704,USA,"Harris, Mitchell, Perez","La Salle County TX, Dimmit County TX"
Ashley,Martin,ashley.martin@email.com,Family,Active,2021-08-05,2026-08-05,(512) 555-0125,127 Orange Street,Austin,TX,78705,USA,"Martin, Roberts, Turner","Zavala County TX, Crystal City TX"
Andrew,Thompson,andrew.thompson@email.com,Individual,Expired,2016-10-20,2025-10-20,(512) 555-0126,238 Lemon Boulevard,Austin,TX,78731,USA,"Thompson, Phillips, Campbell","Maverick County TX, Kinney County TX"
Emily,Garcia,emily.garcia@email.com,Student,Active,2024-09-01,2026-09-01,(512) 555-0127,349 Lime Drive,Austin,TX,78732,USA,"Garcia, Parker, Evans","Val Verde County TX"
Joshua,Martinez,joshua.martinez@email.com,Individual,Active,2020-05-18,2026-05-18,(512) 555-0128,451 Grape Court,Austin,TX,78733,USA,"Martinez, Edwards, Collins","Terrell County TX, Brewster County TX"
Kimberly,Robinson,kimberly.robinson@email.com,Individual,Active,2022-11-09,2026-11-09,(512) 555-0129,562 Berry Lane,Austin,TX,78734,USA,"Robinson, Stewart, Sanchez","Presidio County TX, Jeff Davis County TX"
Kevin,Clark,kevin.clark@email.com,Family,Active,2017-07-25,2026-07-25,(512) 555-0130,673 Melon Road,Austin,TX,78735,USA,"Clark, Morris, Rogers","Culberson County TX, Hudspeth County TX"
Michelle,Rodriguez,michelle.rodriguez@email.com,Individual,Active,2019-01-12,2026-01-12,(713) 555-0131,784 Fig Place,Houston,TX,77001,USA,"Rodriguez, Reed, Cook","El Paso County TX"
Brian,Lewis,brian.lewis@email.com,Lifetime,Active,2008-04-30,,,(713) 555-0132,895 Date Way,Houston,TX,77002,USA,"Lewis, Morgan, Bell","Harris County TX, Fort Bend County TX"
Amanda,Lee,amanda.lee@email.com,Individual,Expired,2018-06-15,2025-06-15,(713) 555-0133,906 Kiwi Street,Houston,TX,77003,USA,"Lee, Murphy, Bailey","Montgomery County TX, Waller County TX"
Jason,Walker,jason.walker@email.com,Individual,Active,2021-03-08,2026-03-08,(713) 555-0134,117 Mango Boulevard,Houston,TX,77004,USA,"Walker, Rivera, Cooper","Brazoria County TX, Galveston County TX"
Melissa,Hall,melissa.hall@email.com,Family,Active,2020-12-22,2026-12-22,(713) 555-0135,228 Papaya Drive,Houston,TX,77005,USA,"Hall, Richardson, Cox","Chambers County TX, Liberty County TX"
Ryan,Allen,ryan.allen@email.com,Individual,Pending,2025-10-01,2026-10-01,(713) 555-0136,339 Coconut Court,Houston,TX,77006,USA,"Allen, Howard, Ward","Jefferson County TX, Orange County TX"
Stephanie,Young,stephanie.young@email.com,Student,Active,2024-05-15,2026-05-15,(713) 555-0137,441 Avocado Lane,Houston,TX,77007,USA,"Young, Torres, Peterson","Hardin County TX, Tyler County TX"
Timothy,Hernandez,timothy.hernandez@email.com,Individual,Active,2019-09-05,2026-09-05,(713) 555-0138,552 Guava Road,Houston,TX,77008,USA,"Hernandez, Gray, Ramirez","Jasper County TX, Newton County TX"
Rebecca,King,rebecca.king@email.com,Individual,Active,2022-02-18,2026-02-18,(713) 555-0139,663 Passion Place,Houston,TX,77009,USA,"King, James, Watson","Sabine County TX, San Augustine County TX"
Gary,Wright,gary.wright@email.com,Family,Expired,2017-04-10,2025-04-10,(713) 555-0140,774 Dragon Way,Houston,TX,77010,USA,"Wright, Brooks, Kelly","Shelby County TX, Nacogdoches County TX"
Laura,Lopez,laura.lopez@email.com,Individual,Active,2020-07-28,2026-07-28,(214) 555-0141,885 Star Street,Dallas,TX,75201,USA,"Lopez, Sanders, Price","Angelina County TX, Trinity County TX"
Jeffrey,Hill,jeffrey.hill@email.com,Lifetime,Active,2014-11-15,,,(214) 555-0142,996 Moon Boulevard,Dallas,TX,75202,USA,"Hill, Bennett, Wood","Polk County TX, San Jacinto County TX"
Sharon,Scott,sharon.scott@email.com,Individual,Active,2018-05-22,2026-05-22,(214) 555-0143,107 Sun Drive,Dallas,TX,75203,USA,"Scott, Barnes, Ross","Walker County TX, Grimes County TX"
Jacob,Green,jacob.green@email.com,Individual,Pending,2025-09-12,2026-09-12,(214) 555-0144,218 Cloud Court,Dallas,TX,75204,USA,"Green, Henderson, Coleman","Madison County TX, Leon County TX"
Deborah,Adams,deborah.adams@email.com,Family,Active,2021-01-30,2026-01-30,(214) 555-0145,329 Rain Lane,Dallas,TX,75205,USA,"Adams, Jenkins, Perry","Robertson County TX, Brazos County TX"
Justin,Baker,justin.baker@email.com,Student,Active,2024-08-20,2026-08-20,(214) 555-0146,431 Wind Road,Dallas,TX,75206,USA,"Baker, Powell, Long","Burleson County TX, Washington County TX"
Rachel,Nelson,rachel.nelson@email.com,Individual,Active,2019-04-05,2026-04-05,(214) 555-0147,542 Storm Place,Dallas,TX,75207,USA,"Nelson, Patterson, Hughes","Austin County TX, Wharton County TX"
Brandon,Carter,brandon.carter@email.com,Individual,Expired,2016-08-18,2025-08-18,(214) 555-0148,653 Thunder Way,Dallas,TX,75208,USA,"Carter, Flores, Washington","Matagorda County TX, Brazoria County TX"
Carolyn,Mitchell,carolyn.mitchell@email.com,Individual,Active,2022-06-25,2026-06-25,(214) 555-0149,764 Lightning St,Dallas,TX,75209,USA,"Mitchell, Butler, Simmons","Fort Bend County TX, Waller County TX"
Samuel,Perez,samuel.perez@email.com,Family,Active,2020-02-14,2026-02-14,(214) 555-0150,875 Breeze Blvd,Dallas,TX,75210,USA,"Perez, Foster, Gonzales","Colorado County TX, Fayette County TX"
Cynthia,Roberts,cynthia.roberts@email.com,Individual,Active,2017-10-30,2026-10-30,(817) 555-0151,986 Gust Drive,Fort Worth,TX,76101,USA,"Roberts, Bryant, Alexander","Lavaca County TX, DeWitt County TX"
Gregory,Turner,gregory.turner@email.com,Lifetime,Active,2011-03-20,,,(817) 555-0152,197 Zephyr Court,Fort Worth,TX,76102,USA,"Turner, Russell, Griffin","Gonzales County TX, Wilson County TX"
Angela,Phillips,angela.phillips@email.com,Individual,Active,2019-12-08,2026-12-08,(817) 555-0153,208 Gale Lane,Fort Worth,TX,76103,USA,"Phillips, Diaz, Hayes","Karnes County TX, Atascosa County TX"
Patrick,Campbell,patrick.campbell@email.com,Individual,Expired,2018-02-25,2025-02-25,(817) 555-0154,319 Squall Road,Fort Worth,TX,76104,USA,"Campbell, Myers, Ford","Live Oak County TX, McMullen County TX"
Christine,Parker,christine.parker@email.com,Family,Active,2021-09-18,2026-09-18,(817) 555-0155,421 Tempest Place,Fort Worth,TX,76105,USA,"Parker, Hamilton, Graham","Bee County TX, Goliad County TX"
Alexander,Evans,alexander.evans@email.com,Student,Active,2024-01-10,2026-01-10,(817) 555-0156,532 Cyclone Way,Fort Worth,TX,76106,USA,"Evans, Sullivan, Wallace","Refugio County TX, Aransas County TX"
Virginia,Edwards,virginia.edwards@email.com,Individual,Active,2020-08-02,2026-08-02,(817) 555-0157,643 Tornado Street,Fort Worth,TX,76107,USA,"Edwards, West, Cole","San Patricio County TX, Nueces County TX"
Frank,Collins,frank.collins@email.com,Individual,Pending,2025-11-28,2026-11-28,(817) 555-0158,754 Hurricane Blvd,Fort Worth,TX,76108,USA,"Collins, Jordan, Owens","Kleberg County TX, Kenedy County TX"
Kathleen,Stewart,kathleen.stewart@email.com,Individual,Active,2022-04-15,2026-04-15,(817) 555-0159,865 Monsoon Drive,Fort Worth,TX,76109,USA,"Stewart, Reynolds, Fisher","Jim Wells County TX, Brooks County TX"
Raymond,Sanchez,raymond.sanchez@email.com,Family,Active,2018-07-08,2026-07-08,(817) 555-0160,976 Blizzard Court,Fort Worth,TX,76110,USA,"Sanchez, Ellis, Harrison","Duval County TX, Jim Hogg County TX"
Diane,Morris,diane.morris@email.com,Individual,Active,2019-05-22,2026-05-22,(361) 555-0161,187 Frost Lane,Corpus Christi,TX,78401,USA,"Morris, Gibson, McDonald","Starr County TX, Hidalgo County TX"
Henry,Rogers,henry.rogers@email.com,Lifetime,Active,2009-09-10,,,(361) 555-0162,298 Ice Road,Corpus Christi,TX,78402,USA,"Rogers, Cruz, Marshall","Cameron County TX, Willacy County TX"
Janet,Reed,janet.reed@email.com,Individual,Expired,2017-01-28,2025-01-28,(361) 555-0163,309 Snow Place,Corpus Christi,TX,78403,USA,"Reed, Ortiz, Gomez","Zapata County TX, Webb County TX"
Eugene,Cook,eugene.cook@email.com,Individual,Active,2021-11-05,2026-11-05,(361) 555-0164,411 Sleet Way,Corpus Christi,TX,78404,USA,"Cook, Murray, Freeman","Laredo TX, Webb County TX"
Frances,Morgan,frances.morgan@email.com,Family,Active,2020-03-18,2026-03-18,(361) 555-0165,522 Hail Street,Corpus Christi,TX,78405,USA,"Morgan, Wells, Webb","Maverick County TX, Dimmit County TX"
Carl,Bell,carl.bell@email.com,Individual,Active,2022-08-30,2026-08-30,(361) 555-0166,633 Drizzle Blvd,Corpus Christi,TX,78406,USA,"Bell, Simpson, Stevens","Zavala County TX, Frio County TX"
Joyce,Murphy,joyce.murphy@email.com,Student,Expired,2023-12-15,2025-12-15,(361) 555-0167,744 Mist Drive,Corpus Christi,TX,78407,USA,"Murphy, Tucker, Porter","La Salle County TX, McMullen County TX"
Lawrence,Bailey,lawrence.bailey@email.com,Individual,Active,2019-06-12,2026-06-12,(361) 555-0168,855 Fog Court,Corpus Christi,TX,78408,USA,"Bailey, Hunter, Hicks","Medina County TX, Uvalde County TX"
Cheryl,Rivera,cheryl.rivera@email.com,Individual,Pending,2025-08-25,2026-08-25,(361) 555-0169,966 Dew Lane,Corpus Christi,TX,78409,USA,"Rivera, Crawford, Henry","Real County TX, Kerr County TX"
Walter,Cooper,walter.cooper@email.com,Family,Active,2018-04-08,2026-04-08,(361) 555-0170,177 Vapor Road,Corpus Christi,TX,78410,USA,"Cooper, Boyd, Mason","Bandera County TX, Kendall County TX"
Marie,Richardson,marie.richardson@email.com,Individual,Active,2020-10-22,2026-10-22,(956) 555-0171,288 Humid Place,McAllen,TX,78501,USA,"Richardson, Morales, Kennedy","Gillespie County TX, Blanco County TX"
Arthur,Cox,arthur.cox@email.com,Lifetime,Active,2013-02-14,,,(956) 555-0172,399 Muggy Way,McAllen,TX,78502,USA,"Cox, Warren, Dixon","Llano County TX, Burnet County TX"
Gloria,Howard,gloria.howard@email.com,Individual,Active,2021-07-05,2026-07-05,(956) 555-0173,401 Sticky Street,McAllen,TX,78503,USA,"Howard, Ramos, Reyes","Williamson County TX, Bell County TX"
Roger,Ward,roger.ward@email.com,Individual,Expired,2016-11-18,2025-11-18,(956) 555-0174,512 Balmy Blvd,McAllen,TX,78504,USA,"Ward, Burns, Gordon","McLennan County TX, Coryell County TX"
Teresa,Torres,teresa.torres@email.com,Family,Active,2019-08-30,2026-08-30,(956) 555-0175,623 Sultry Drive,McAllen,TX,78505,USA,"Torres, Shaw, Holmes","Falls County TX, Limestone County TX"
Joe,Peterson,joe.peterson@email.com,Individual,Active,2022-12-15,2026-12-15,(956) 555-0176,734 Torrid Court,Brownsville,TX,78520,USA,"Peterson, Rice, Robertson","Freestone County TX, Navarro County TX"
Judy,Gray,judy.gray@email.com,Student,Active,2024-03-28,2026-03-28,(956) 555-0177,845 Swelter Lane,Brownsville,TX,78521,USA,"Gray, Hunt, Black","Henderson County TX, Anderson County TX"
Dennis,Ramirez,dennis.ramirez@email.com,Individual,Active,2020-01-10,2026-01-10,(956) 555-0178,956 Sizzle Road,Brownsville,TX,78522,USA,"Ramirez, Holmes, Mills","Cherokee County TX, Rusk County TX"
Marilyn,James,marilyn.james@email.com,Individual,Active,2017-06-25,2026-06-25,(956) 555-0179,167 Scorch Place,Brownsville,TX,78523,USA,"James, Palmer, Wagner","Smith County TX, Gregg County TX"
Jerry,Watson,jerry.watson@email.com,Family,Pending,2025-10-08,2026-10-08,(956) 555-0180,278 Blaze Way,Harlingen,TX,78550,USA,"Watson, Chavez, Spencer","Harrison County TX, Marion County TX"
Katherine,Brooks,katherine.brooks@email.com,Individual,Active,2019-02-18,2026-02-18,(956) 555-0181,389 Ember Street,Harlingen,TX,78551,USA,"Brooks, Weaver, Zimmerman","Upshur County TX, Camp County TX"
Philip,Kelly,philip.kelly@email.com,Lifetime,Active,2007-08-05,,,(956) 555-0182,491 Kindle Blvd,Harlingen,TX,78552,USA,"Kelly, Douglas, Hansen","Titus County TX, Morris County TX"
Rose,Sanders,rose.sanders@email.com,Individual,Expired,2018-09-20,2025-09-20,(830) 555-0183,502 Flame Drive,New Braunfels,TX,78130,USA,"Sanders, Franklin, Pierce","Cass County TX, Bowie County TX"
Stephen,Price,stephen.price@email.com,Individual,Active,2021-05-12,2026-05-12,(830) 555-0184,613 Spark Court,New Braunfels,TX,78131,USA,"Price, Russell, Griffin","Red River County TX, Lamar County TX"
Janice,Bennett,janice.bennett@email.com,Family,Active,2020-11-28,2026-11-28,(830) 555-0185,724 Glow Lane,New Braunfels,TX,78132,USA,"Bennett, Stone, Hawkins","Fannin County TX, Delta County TX"
Albert,Wood,albert.wood@email.com,Individual,Active,2022-07-15,2026-07-15,(830) 555-0186,835 Shine Road,Seguin,TX,78155,USA,"Wood, Little, Dunn","Hopkins County TX, Hunt County TX"
Catherine,Barnes,catherine.barnes@email.com,Student,Active,2024-11-02,2026-11-02,(830) 555-0187,946 Gleam Place,Seguin,TX,78156,USA,"Barnes, Edwards, Collins","Kaufman County TX, Rockwall County TX"
Bobby,Ross,bobby.ross@email.com,Individual,Active,2019-03-08,2026-03-08,(830) 555-0188,157 Shimmer Way,Seguin,TX,78157,USA,"Ross, Hayes, Long","Dallas County TX, Tarrant County TX"
Ann,Henderson,ann.henderson@email.com,Individual,Expired,2017-07-22,2025-07-22,(830) 555-0189,268 Twinkle Street,Fredericksburg,TX,78624,USA,"Henderson, Perry, Butler","Denton County TX, Collin County TX"
Louis,Coleman,louis.coleman@email.com,Family,Active,2021-01-05,2026-01-05,(830) 555-0190,379 Flicker Blvd,Fredericksburg,TX,78625,USA,"Coleman, Patterson, Hughes","Ellis County TX, Johnson County TX"
Donna,Jenkins,donna.jenkins@email.com,Individual,Pending,2025-12-18,2026-12-18,(830) 555-0191,481 Flash Drive,Kerrville,TX,78028,USA,"Jenkins, Washington, Butler","Hill County TX, Bosque County TX"
Russell,Perry,russell.perry@email.com,Lifetime,Active,2012-10-30,,,(830) 555-0192,592 Glitter Court,Kerrville,TX,78029,USA,"Perry, Jenkins, Long","Somervell County TX, Erath County TX"
Evelyn,Powell,evelyn.powell@email.com,Individual,Active,2020-06-18,2026-06-18,(432) 555-0193,603 Sparkle Lane,Midland,TX,79701,USA,"Powell, Russell, Griffin","Hood County TX, Parker County TX"
Roy,Long,roy.long@email.com,Individual,Active,2022-09-05,2026-09-05,(432) 555-0194,714 Radiance Road,Midland,TX,79702,USA,"Long, Sanders, Price","Palo Pinto County TX, Stephens County TX"
Jean,Patterson,jean.patterson@email.com,Family,Active,2018-01-28,2026-01-28,(432) 555-0195,825 Luminous Place,Midland,TX,79703,USA,"Patterson, Bennett, Wood","Eastland County TX, Callahan County TX"
Wayne,Hughes,wayne.hughes@email.com,Individual,Expired,2016-05-15,2025-05-15,(432) 555-0196,936 Brilliant Way,Odessa,TX,79761,USA,"Hughes, Barnes, Ross","Taylor County TX, Jones County TX"
Kathryn,Flores,kathryn.flores@email.com,Student,Active,2024-02-20,2026-02-20,(432) 555-0197,147 Vivid Street,Odessa,TX,79762,USA,"Flores, Henderson, Coleman","Nolan County TX, Mitchell County TX"
Ralph,Washington,ralph.washington@email.com,Individual,Active,2020-08-12,2026-08-12,(432) 555-0198,258 Bright Blvd,Odessa,TX,79763,USA,"Washington, Jenkins, Perry","Howard County TX, Martin County TX"
Anna,Butler,anna.butler@email.com,Individual,Active,2019-04-28,2026-04-28,(432) 555-0199,369 Dazzle Drive,Big Spring,TX,79720,USA,"Butler, Powell, Long","Midland County TX, Ector County TX"
Willie,Simmons,willie.simmons@email.com,Family,Active,2021-10-15,2026-10-15,(806) 555-0200,471 Glimmer Court,Lubbock,TX,79401,USA,"Simmons, Patterson, Hughes","Andrews County TX, Gaines County TX"
Joan,Foster,joan.foster@email.com,Individual,Pending,2025-07-08,2026-07-08,(806) 555-0201,582 Luster Lane,Lubbock,TX,79402,USA,"Foster, Flores, Washington","Dawson County TX, Borden County TX"
Jack,Gonzales,jack.gonzales@email.com,Lifetime,Active,2010-12-22,,,(806) 555-0202,693 Sheen Road,Lubbock,TX,79403,USA,"Gonzales, Butler, Simmons","Lynn County TX, Garza County TX"
Lillian,Bryant,lillian.bryant@email.com,Individual,Active,2022-03-18,2026-03-18,(806) 555-0203,704 Polish Place,Lubbock,TX,79404,USA,"Bryant, Foster, Gonzales","Crosby County TX, Dickens County TX"
Bruce,Alexander,bruce.alexander@email.com,Individual,Expired,2017-09-05,2025-09-05,(806) 555-0204,815 Gleaming Way,Amarillo,TX,79101,USA,"Alexander, Bryant, Russell","Kent County TX, Stonewall County TX"
Judith,Russell,judith.russell@email.com,Family,Active,2019-11-28,2026-11-28,(806) 555-0205,926 Lustrous Street,Amarillo,TX,79102,USA,"Russell, Griffin, Diaz","Haskell County TX, Throckmorton County TX"
Peter,Griffin,peter.griffin@email.com,Individual,Active,2021-06-15,2026-06-15,(806) 555-0206,137 Polished Blvd,Amarillo,TX,79103,USA,"Griffin, Diaz, Hayes","Young County TX, Jack County TX"
Alice,Diaz,alice.diaz@email.com,Student,Active,2024-09-10,2026-09-10,(806) 555-0207,248 Burnished Drive,Amarillo,TX,79104,USA,"Diaz, Hayes, Myers","Archer County TX, Clay County TX"
Jesse,Hayes,jesse.hayes@email.com,Individual,Active,2020-02-05,2026-02-05,(806) 555-0208,359 Refined Court,Amarillo,TX,79105,USA,"Hayes, Myers, Ford","Wichita County TX, Wilbarger County TX"
Mildred,Myers,mildred.myers@email.com,Individual,Active,2018-08-22,2026-08-22,(806) 555-0209,461 Sleek Lane,Amarillo,TX,79106,USA,"Myers, Ford, Hamilton","Hardeman County TX, Foard County TX"
Howard,Ford,howard.ford@email.com,Family,Expired,2016-01-10,2025-01-10,(806) 555-0210,572 Smooth Road,Amarillo,TX,79107,USA,"Ford, Hamilton, Graham","Cottle County TX, King County TX"
Ruth,Hamilton,ruth.hamilton@email.com,Individual,Active,2022-11-28,2026-11-28,(806) 555-0211,683 Silky Place,Canyon,TX,79015,USA,"Hamilton, Graham, Sullivan","Knox County TX, Baylor County TX"
Harold,Graham,harold.graham@email.com,Lifetime,Active,2015-05-15,,,(806) 555-0212,794 Satin Way,Canyon,TX,79016,USA,"Graham, Sullivan, Wallace","Childress County TX, Hall County TX"
Shirley,Sullivan,shirley.sullivan@email.com,Individual,Pending,2025-10-22,2026-10-22,(806) 555-0213,805 Velvet Street,Plainview,TX,79072,USA,"Sullivan, Wallace, West","Donley County TX, Collingsworth County TX"
Alan,Wallace,alan.wallace@email.com,Individual,Active,2020-04-08,2026-04-08,(806) 555-0214,916 Plush Blvd,Plainview,TX,79073,USA,"Wallace, West, Cole","Wheeler County TX, Hemphill County TX"
Theresa,West,theresa.west@email.com,Family,Active,2019-07-25,2026-07-25,(903) 555-0215,127 Cushion Drive,Tyler,TX,75701,USA,"West, Cole, Jordan","Lipscomb County TX, Ochiltree County TX"
Jeremy,Cole,jeremy.cole@email.com,Individual,Active,2021-12-12,2026-12-12,(903) 555-0216,238 Comfy Court,Tyler,TX,75702,USA,"Cole, Jordan, Owens","Hansford County TX, Roberts County TX"
Nicole,Jordan,nicole.jordan@email.com,Student,Expired,2023-06-30,2025-06-30,(903) 555-0217,349 Cozy Lane,Tyler,TX,75703,USA,"Jordan, Owens, Reynolds","Hutchinson County TX, Carson County TX"
Benjamin,Owens,benjamin.owens@email.com,Individual,Active,2020-09-18,2026-09-18,(903) 555-0218,451 Snug Road,Tyler,TX,75704,USA,"Owens, Reynolds, Fisher","Potter County TX, Randall County TX"
Heather,Reynolds,heather.reynolds@email.com,Individual,Active,2022-01-05,2026-01-05,(903) 555-0219,562 Homey Place,Tyler,TX,75705,USA,"Reynolds, Fisher, Ellis","Deaf Smith County TX, Oldham County TX"
Gerald,Fisher,gerald.fisher@email.com,Family,Active,2018-06-22,2026-06-22,(903) 555-0220,673 Mellow Way,Longview,TX,75601,USA,"Fisher, Ellis, Harrison","Parmer County TX, Castro County TX"
Paula,Ellis,paula.ellis@email.com,Individual,Expired,2017-02-10,2025-02-10,(903) 555-0221,784 Peaceful Street,Longview,TX,75602,USA,"Ellis, Harrison, Gibson","Bailey County TX, Lamb County TX"
Scott,Harrison,scott.harrison@email.com,Lifetime,Active,2011-09-28,,,(903) 555-0222,895 Tranquil Blvd,Longview,TX,75603,USA,"Harrison, Gibson, McDonald","Hale County TX, Floyd County TX"
Emma,Gibson,emma.gibson@email.com,Individual,Active,2021-03-15,2026-03-15,(903) 555-0223,906 Serene Drive,Longview,TX,75604,USA,"Gibson, McDonald, Cruz","Motley County TX, Briscoe County TX"
Joshua,McDonald,joshua.mcdonald@email.com,Individual,Pending,2025-08-02,2026-08-02,(903) 555-0224,117 Calm Court,Texarkana,TX,75501,USA,"McDonald, Cruz, Marshall","Swisher County TX, Armstrong County TX"
Victoria,Cruz,victoria.cruz@email.com,Family,Active,2019-10-28,2026-10-28,(903) 555-0225,228 Quiet Lane,Texarkana,TX,75502,USA,"Cruz, Marshall, Ortiz","Gray County TX, Wheeler County TX"
Dylan,Marshall,dylan.marshall@email.com,Student,Active,2024-05-15,2026-05-15,(903) 555-0226,339 Still Road,Texarkana,TX,75503,USA,"Marshall, Ortiz, Gomez","Moore County TX, Sherman County TX"
Beverly,Ortiz,beverly.ortiz@email.com,Individual,Active,2020-12-08,2026-12-08,(936) 555-0227,441 Silent Place,Conroe,TX,77301,USA,"Ortiz, Gomez, Murray","Dallam County TX, Hartley County TX"
Keith,Gomez,keith.gomez@email.com,Individual,Active,2022-05-25,2026-05-25,(936) 555-0228,552 Hushed Way,Conroe,TX,77302,USA,"Gomez, Murray, Freeman","Pecos County TX, Reeves County TX"
Amber,Murray,amber.murray@email.com,Family,Expired,2016-10-12,2025-10-12,(936) 555-0229,663 Gentle Street,Conroe,TX,77303,USA,"Murray, Freeman, Wells","Ward County TX, Loving County TX"
Craig,Freeman,craig.freeman@email.com,Individual,Active,2019-01-28,2026-01-28,(936) 555-0230,774 Tender Blvd,The Woodlands,TX,77380,USA,"Freeman, Wells, Webb","Winkler County TX, Crane County TX"
Tammy,Wells,tammy.wells@email.com,Lifetime,Active,2014-06-15,,,(936) 555-0231,885 Soft Drive,The Woodlands,TX,77381,USA,"Wells, Webb, Simpson","Upton County TX, Reagan County TX"
Victor,Webb,victor.webb@email.com,Individual,Active,2021-09-02,2026-09-02,(936) 555-0232,996 Mild Court,The Woodlands,TX,77382,USA,"Webb, Simpson, Stevens","Irion County TX, Tom Green County TX"
Amy,Simpson,amy.simpson@email.com,Individual,Pending,2025-11-18,2026-11-18,(281) 555-0233,107 Calm Lane,Katy,TX,77449,USA,"Simpson, Stevens, Tucker","Concho County TX, McCulloch County TX"
Aaron,Stevens,aaron.stevens@email.com,Family,Active,2020-04-05,2026-04-05,(281) 555-0234,218 Easy Road,Katy,TX,77450,USA,"Stevens, Tucker, Porter","San Saba County TX, Mills County TX"
Christina,Tucker,christina.tucker@email.com,Student,Active,2024-01-22,2026-01-22,(281) 555-0235,329 Relaxed Place,Katy,TX,77451,USA,"Tucker, Porter, Hunter","Lampasas County TX, Hamilton County TX"
Randy,Porter,randy.porter@email.com,Individual,Active,2019-07-08,2026-07-08,(281) 555-0236,431 Leisurely Way,Sugar Land,TX,77478,USA,"Porter, Hunter, Hicks","Comanche County TX, Brown County TX"
Julia,Hunter,julia.hunter@email.com,Individual,Expired,2017-11-25,2025-11-25,(281) 555-0237,542 Unhurried Street,Sugar Land,TX,77479,USA,"Hunter, Hicks, Crawford","Coleman County TX, Runnels County TX"
Carl,Hicks,carl.hicks@email.com,Family,Active,2021-02-12,2026-02-12,(281) 555-0238,653 Easygoing Blvd,Sugar Land,TX,77480,USA,"Hicks, Crawford, Henry","Coke County TX, Sterling County TX"
Denise,Crawford,denise.crawford@email.com,Individual,Active,2022-08-28,2026-08-28,(281) 555-0239,764 Mellow Drive,Pearland,TX,77581,USA,"Crawford, Henry, Boyd","Glasscock County TX, Reagan County TX"
Sean,Henry,sean.henry@email.com,Lifetime,Active,2008-03-15,,,(281) 555-0240,875 Placid Court,Pearland,TX,77582,USA,"Henry, Boyd, Mason","Schleicher County TX, Sutton County TX"
Samantha,Boyd,samantha.boyd@email.com,Individual,Active,2020-10-05,2026-10-05,(281) 555-0241,986 Composed Lane,Pearland,TX,77583,USA,"Boyd, Mason, Morales","Crockett County TX, Val Verde County TX"
Todd,Mason,todd.mason@email.com,Individual,Pending,2025-09-22,2026-09-22,(281) 555-0242,197 Collected Road,League City,TX,77573,USA,"Mason, Morales, Kennedy","Edwards County TX, Kimble County TX"
Lauren,Morales,lauren.morales@email.com,Family,Active,2019-05-12,2026-05-12,(281) 555-0243,208 Cool Place,League City,TX,77574,USA,"Morales, Kennedy, Warren","Menard County TX, Mason County TX"
Chad,Kennedy,chad.kennedy@email.com,Student,Expired,2023-12-08,2025-12-08,(281) 555-0244,319 Level Way,League City,TX,77575,USA,"Kennedy, Warren, Dixon","Llano County TX, San Saba County TX"
Tiffany,Warren,tiffany.warren@email.com,Individual,Active,2021-06-28,2026-06-28,(409) 555-0245,421 Poised Street,Galveston,TX,77550,USA,"Warren, Dixon, Ramos","Gillespie County TX, Kerr County TX"
Phillip,Dixon,phillip.dixon@email.com,Individual,Active,2020-01-15,2026-01-15,(409) 555-0246,532 Steady Blvd,Galveston,TX,77551,USA,"Dixon, Ramos, Reyes","Kendall County TX, Comal County TX"
Kelly,Ramos,kelly.ramos@email.com,Family,Active,2018-09-02,2026-09-02,(409) 555-0247,643 Stable Drive,Galveston,TX,77552,USA,"Ramos, Reyes, Burns","Guadalupe County TX, Caldwell County TX"
George,Reyes,george.reyes@email.com,Individual,Expired,2016-04-18,2025-04-18,(409) 555-0248,754 Constant Court,Beaumont,TX,77701,USA,"Reyes, Burns, Gordon","Hays County TX, Blanco County TX"
Monica,Burns,monica.burns@email.com,Lifetime,Active,2013-11-05,,,(409) 555-0249,865 Unwavering Lane,Beaumont,TX,77702,USA,"Burns, Gordon, Shaw","Travis County TX, Williamson County TX"
Kenneth,Gordon,kenneth.gordon@email.com,Individual,Active,2022-02-22,2026-02-22,(409) 555-0250,976 Resolute Road,Beaumont,TX,77703,USA,"Gordon, Shaw, Holmes","Bastrop County TX, Lee County TX"
Brittany,Shaw,brittany.shaw@email.com,Individual,Active,2019-08-08,2026-08-08,(409) 555-0251,187 Firm Place,Beaumont,TX,77704,USA,"Shaw, Holmes, Rice","Burleson County TX, Brazos County TX"
Nathan,Holmes,nathan.holmes@email.com,Family,Pending,2025-10-28,2026-10-28,(409) 555-0252,298 Solid Way,Port Arthur,TX,77640,USA,"Holmes, Rice, Robertson","Robertson County TX, Milam County TX"
Andrea,Rice,andrea.rice@email.com,Student,Active,2024-04-15,2026-04-15,(409) 555-0253,309 Strong Street,Port Arthur,TX,77641,USA,"Rice, Robertson, Hunt","Bell County TX, Coryell County TX"
Shawn,Robertson,shawn.robertson@email.com,Individual,Active,2020-07-02,2026-07-02,(409) 555-0254,411 Sturdy Blvd,Port Arthur,TX,77642,USA,"Robertson, Hunt, Black","McLennan County TX, Falls County TX"
Jacqueline,Hunt,jacqueline.hunt@email.com,Individual,Expired,2017-12-18,2025-12-18,(972) 555-0255,522 Robust Drive,Plano,TX,75023,USA,"Hunt, Black, Palmer","Limestone County TX, Freestone County TX"
Travis,Black,travis.black@email.com,Family,Active,2021-04-05,2026-04-05,(972) 555-0256,633 Hardy Court,Plano,TX,75024,USA,"Black, Palmer, Wagner","Navarro County TX, Ellis County TX"
Maria,Palmer,maria.palmer@email.com,Lifetime,Active,2009-08-22,,,(972) 555-0257,744 Tough Lane,Plano,TX,75025,USA,"Palmer, Wagner, Chavez","Kaufman County TX, Henderson County TX"
Douglas,Wagner,douglas.wagner@email.com,Individual,Active,2022-10-12,2026-10-12,(972) 555-0258,855 Durable Road,Plano,TX,75026,USA,"Wagner, Chavez, Spencer","Van Zandt County TX, Rains County TX"
Lisa,Chavez,lisa.chavez@email.com,Individual,Active,2019-03-28,2026-03-28,(972) 555-0259,966 Resilient Place,Irving,TX,75014,USA,"Chavez, Spencer, Weaver","Wood County TX, Smith County TX"
Ernest,Spencer,ernest.spencer@email.com,Family,Active,2020-11-15,2026-11-15,(972) 555-0260,177 Enduring Way,Irving,TX,75015,USA,"Spencer, Weaver, Zimmerman","Gregg County TX, Upshur County TX"
Sara,Weaver,sara.weaver@email.com,Student,Active,2024-06-02,2026-06-02,(972) 555-0261,288 Lasting Street,Irving,TX,75016,USA,"Weaver, Zimmerman, Douglas","Harrison County TX, Panola County TX"
Gregory,Zimmerman,gregory.zimmerman@email.com,Individual,Pending,2025-08-18,2026-08-18,(972) 555-0262,399 Permanent Blvd,Irving,TX,75017,USA,"Zimmerman, Douglas, Hansen","Rusk County TX, Shelby County TX"
Kathy,Douglas,kathy.douglas@email.com,Individual,Active,2021-01-05,2026-01-05,(972) 555-0263,401 Perpetual Drive,Garland,TX,75040,USA,"Douglas, Hansen, Franklin","Nacogdoches County TX, San Augustine County TX"
Raymond,Hansen,raymond.hansen@email.com,Family,Expired,2016-06-22,2025-06-22,(972) 555-0264,512 Eternal Court,Garland,TX,75041,USA,"Hansen, Franklin, Pierce","Sabine County TX, Newton County TX"
Alexis,Franklin,alexis.franklin@email.com,Lifetime,Active,2012-01-08,,,(972) 555-0265,623 Timeless Lane,Garland,TX,75042,USA,"Franklin, Pierce, Stone","Jasper County TX, Tyler County TX"
Vincent,Pierce,vincent.pierce@email.com,Individual,Active,2022-06-25,2026-06-25,(972) 555-0266,734 Ageless Road,Garland,TX,75043,USA,"Pierce, Stone, Hawkins","Polk County TX, Trinity County TX"
Beth,Stone,beth.stone@email.com,Individual,Active,2019-09-12,2026-09-12,(972) 555-0267,845 Dateless Place,Grand Prairie,TX,75050,USA,"Stone, Hawkins, Little","Houston County TX, Anderson County TX"
Martin,Hawkins,martin.hawkins@email.com,Family,Active,2020-04-28,2026-04-28,(972) 555-0268,956 Historic Way,Grand Prairie,TX,75051,USA,"Hawkins, Little, Dunn","Leon County TX, Madison County TX"
Brooke,Little,brooke.little@email.com,Student,Expired,2023-11-15,2025-11-15,(972) 555-0269,167 Ancient Street,Grand Prairie,TX,75052,USA,"Little, Dunn, Edwards","Walker County TX, San Jacinto County TX"
Glen,Dunn,glen.dunn@email.com,Individual,Active,2021-07-02,2026-07-02,(469) 555-0270,278 Vintage Blvd,McKinney,TX,75069,USA,"Dunn, Edwards, Collins","Grimes County TX, Waller County TX"
Diane,Edwards,diane.edwards@email.com,Individual,Pending,2025-12-08,2026-12-08,(469) 555-0271,389 Classic Drive,McKinney,TX,75070,USA,"Edwards, Collins, Stewart","Montgomery County TX, Liberty County TX"
Russell,Collins,russell.collins@email.com,Family,Active,2019-02-18,2026-02-18,(469) 555-0272,491 Antique Court,McKinney,TX,75071,USA,"Collins, Stewart, Sanchez","Hardin County TX, Orange County TX"
Crystal,Stewart,crystal.stewart@email.com,Lifetime,Active,2015-07-05,,,(469) 555-0273,502 Retro Lane,Allen,TX,75002,USA,"Stewart, Sanchez, Morris","Jefferson County TX, Chambers County TX"
Charles,Sanchez,charles.sanchez@email.com,Individual,Active,2022-09-22,2026-09-22,(469) 555-0274,613 Throwback Road,Allen,TX,75003,USA,"Sanchez, Morris, Rogers","Galveston County TX, Brazoria County TX"
Debra,Morris,debra.morris@email.com,Individual,Active,2020-02-08,2026-02-08,(469) 555-0275,724 Nostalgia Place,Allen,TX,75004,USA,"Morris, Rogers, Reed","Matagorda County TX, Wharton County TX"
Terry,Rogers,terry.rogers@email.com,Family,Active,2018-10-25,2026-10-25,(469) 555-0276,835 Memory Way,Frisco,TX,75034,USA,"Rogers, Reed, Cook","Colorado County TX, Austin County TX"
Sandy,Reed,sandy.reed@email.com,Student,Active,2024-03-12,2026-03-12,(469) 555-0277,946 Recall Street,Frisco,TX,75035,USA,"Reed, Cook, Morgan","Fort Bend County TX, Harris County TX"
Roger,Cook,roger.cook@email.com,Individual,Expired,2017-05-28,2025-05-28,(469) 555-0278,157 Remember Blvd,Frisco,TX,75036,USA,"Cook, Morgan, Bell","Waller County TX, Washington County TX"
Heidi,Morgan,heidi.morgan@email.com,Individual,Active,2021-11-15,2026-11-15,(940) 555-0279,268 Memoir Drive,Denton,TX,76201,USA,"Morgan, Bell, Murphy","Grimes County TX, Burleson County TX"
Wayne,Bell,wayne.bell@email.com,Family,Active,2019-06-02,2026-06-02,(940) 555-0280,379 Story Court,Denton,TX,76202,USA,"Bell, Murphy, Bailey","Brazos County TX, Robertson County TX"
Erica,Murphy,erica.murphy@email.com,Lifetime,Active,2010-10-18,,,(940) 555-0281,481 Tale Lane,Denton,TX,76203,USA,"Murphy, Bailey, Rivera","Milam County TX, Bell County TX"
Marcus,Bailey,marcus.bailey@email.com,Individual,Pending,2025-09-05,2026-09-05,(940) 555-0282,592 Legend Road,Denton,TX,76204,USA,"Bailey, Rivera, Cooper","Williamson County TX, Travis County TX"
Bonnie,Rivera,bonnie.rivera@email.com,Individual,Active,2022-03-22,2026-03-22,(940) 555-0283,603 Myth Place,Lewisville,TX,75029,USA,"Rivera, Cooper, Richardson","Burnet County TX, Llano County TX"
Leslie,Cooper,leslie.cooper@email.com,Family,Active,2020-08-08,2026-08-08,(940) 555-0284,714 Saga Way,Lewisville,TX,75056,USA,"Cooper, Richardson, Cox","Mason County TX, Menard County TX"
Austin,Richardson,austin.richardson@email.com,Student,Active,2024-11-25,2026-11-25,(940) 555-0285,825 Epic Street,Lewisville,TX,75057,USA,"Richardson, Cox, Howard","Kimble County TX, Sutton County TX"
Lori,Cox,lori.cox@email.com,Individual,Active,2019-04-12,2026-04-12,(940) 555-0286,936 Chronicle Blvd,Flower Mound,TX,75022,USA,"Cox, Howard, Ward","Edwards County TX, Val Verde County TX"
Derek,Howard,derek.howard@email.com,Individual,Expired,2016-09-28,2025-09-28,(940) 555-0287,147 History Drive,Flower Mound,TX,75028,USA,"Howard, Ward, Torres","Kinney County TX, Maverick County TX"
Carla,Ward,carla.ward@email.com,Family,Active,2021-05-15,2026-05-15,(940) 555-0288,258 Heritage Court,Flower Mound,TX,75067,USA,"Ward, Torres, Peterson","Webb County TX, Zapata County TX"
Casey,Torres,casey.torres@email.com,Lifetime,Active,2014-02-02,,,(254) 555-0289,369 Legacy Lane,Waco,TX,76701,USA,"Torres, Peterson, Gray","Jim Hogg County TX, Starr County TX"
Natalie,Peterson,natalie.peterson@email.com,Individual,Active,2022-07-18,2026-07-18,(254) 555-0290,471 Ancestry Road,Waco,TX,76702,USA,"Peterson, Gray, Ramirez","Hidalgo County TX, Cameron County TX"
Bryan,Gray,bryan.gray@email.com,Individual,Pending,2025-10-05,2026-10-05,(254) 555-0291,582 Lineage Place,Waco,TX,76703,USA,"Gray, Ramirez, James","Willacy County TX, Kenedy County TX"
Melissa,Ramirez,melissa.ramirez@email.com,Family,Active,2019-12-22,2026-12-22,(254) 555-0292,693 Roots Way,Waco,TX,76704,USA,"Ramirez, James, Watson","Brooks County TX, Jim Wells County TX"
Adam,James,adam.james@email.com,Student,Expired,2023-08-08,2025-08-08,(254) 555-0293,704 Origin Street,Waco,TX,76705,USA,"James, Watson, Brooks","Kleberg County TX, Nueces County TX"
Holly,Watson,holly.watson@email.com,Individual,Active,2021-02-28,2026-02-28,(254) 555-0294,815 Source Blvd,Temple,TX,76501,USA,"Watson, Brooks, Kelly","San Patricio County TX, Aransas County TX"
Jonathan,Brooks,jonathan.brooks@email.com,Individual,Active,2020-06-15,2026-06-15,(254) 555-0295,926 Beginning Drive,Temple,TX,76502,USA,"Brooks, Kelly, Sanders","Refugio County TX, Goliad County TX"
Megan,Kelly,megan.kelly@email.com,Family,Active,2018-01-02,2026-01-02,(254) 555-0296,137 Foundation Court,Temple,TX,76503,USA,"Kelly, Sanders, Price","Bee County TX, Live Oak County TX"
Perry,Sanders,perry.sanders@email.com,Lifetime,Active,2011-06-18,,,(254) 555-0297,248 Base Lane,Killeen,TX,76541,USA,"Sanders, Price, Bennett","McMullen County TX, La Salle County TX"
Wendy,Price,wendy.price@email.com,Individual,Active,2022-10-05,2026-10-05,(254) 555-0298,359 Ground Road,Killeen,TX,76542,USA,"Price, Bennett, Wood","Dimmit County TX, Zavala County TX"
Oscar,Bennett,oscar.bennett@email.com,Individual,Expired,2017-03-22,2025-03-22,(254) 555-0299,461 Core Place,Killeen,TX,76543,USA,"Bennett, Wood, Barnes","Frio County TX, Atascosa County TX"
Vanessa,Wood,vanessa.wood@email.com,Family,Active,2019-09-08,2026-09-08,(254) 555-0300,572 Essence Way,Killeen,TX,76544,USA,"Wood, Barnes, Ross","Karnes County TX, Wilson County TX"
Lance,Barnes,lance.barnes@email.com,Student,Active,2024-02-15,2026-02-15,(325) 555-0301,683 Heart Street,Abilene,TX,79601,USA,"Barnes, Ross, Henderson","DeWitt County TX, Gonzales County TX"
Courtney,Ross,courtney.ross@email.com,Individual,Active,2020-05-02,2026-05-02,(325) 555-0302,794 Soul Blvd,Abilene,TX,79602,USA,"Ross, Henderson, Coleman","Lavaca County TX, Jackson County TX"
Brett,Henderson,brett.henderson@email.com,Individual,Pending,2025-11-18,2026-11-18,(325) 555-0303,805 Spirit Drive,Abilene,TX,79603,USA,"Henderson, Coleman, Jenkins","Victoria County TX, Calhoun County TX"
Kristen,Coleman,kristen.coleman@email.com,Family,Active,2021-08-05,2026-08-05,(325) 555-0304,916 Mind Court,Abilene,TX,79604,USA,"Coleman, Jenkins, Perry","Refugio County TX, Aransas County TX"
Mitchell,Jenkins,mitchell.jenkins@email.com,Lifetime,Active,2013-01-22,,,(325) 555-0305,127 Thought Lane,San Angelo,TX,76901,USA,"Jenkins, Perry, Powell","San Patricio County TX, Nueces County TX"
Tara,Perry,tara.perry@email.com,Individual,Active,2022-04-08,2026-04-08,(325) 555-0306,238 Idea Road,San Angelo,TX,76902,USA,"Perry, Powell, Long","Kleberg County TX, Kenedy County TX"
Colin,Powell,colin.powell@email.com,Individual,Expired,2016-08-25,2025-08-25,(325) 555-0307,349 Concept Place,San Angelo,TX,76903,USA,"Powell, Long, Patterson","Jim Wells County TX, Duval County TX"
Faith,Long,faith.long@email.com,Family,Active,2019-11-12,2026-11-12,(325) 555-0308,451 Theory Way,San Angelo,TX,76904,USA,"Long, Patterson, Hughes","Brooks County TX, Starr County TX"
Xavier,Patterson,xavier.patterson@email.com,Student,Expired,2023-05-28,2025-05-28,(915) 555-0309,562 Principle Street,El Paso,TX,79901,USA,"Patterson, Hughes, Flores","Hidalgo County TX, Cameron County TX"
Claire,Hughes,claire.hughes@email.com,Individual,Active,2021-03-15,2026-03-15,(915) 555-0310,673 Standard Blvd,El Paso,TX,79902,USA,"Hughes, Flores, Washington","Willacy County TX, Zapata County TX"
Blake,Flores,blake.flores@email.com,Individual,Active,2020-09-02,2026-09-02,(915) 555-0311,784 Rule Drive,El Paso,TX,79903,USA,"Flores, Washington, Butler","Webb County TX, Laredo TX"
Jenna,Washington,jenna.washington@email.com,Family,Active,2018-04-18,2026-04-18,(915) 555-0312,895 Law Court,El Paso,TX,79904,USA,"Washington, Butler, Simmons","Maverick County TX, Kinney County TX"
Dustin,Butler,dustin.butler@email.com,Lifetime,Active,2015-09-05,,,(915) 555-0313,906 Order Lane,El Paso,TX,79905,USA,"Butler, Simmons, Foster","Val Verde County TX, Edwards County TX"
Miranda,Simmons,miranda.simmons@email.com,Individual,Pending,2025-07-22,2026-07-22,(915) 555-0314,117 System Road,El Paso,TX,79906,USA,"Simmons, Foster, Gonzales","Terrell County TX, Brewster County TX"
Ivan,Foster,ivan.foster@email.com,Individual,Active,2022-01-08,2026-01-08,(915) 555-0315,228 Method Place,El Paso,TX,79907,USA,"Foster, Gonzales, Bryant","Presidio County TX, Jeff Davis County TX"
Kayla,Gonzales,kayla.gonzales@email.com,Family,Active,2019-06-25,2026-06-25,(915) 555-0316,339 Process Way,El Paso,TX,79908,USA,"Gonzales, Bryant, Alexander","Culberson County TX, Hudspeth County TX"
Erik,Bryant,erik.bryant@email.com,Student,Active,2024-10-12,2026-10-12,(915) 555-0317,441 Procedure Street,El Paso,TX,79910,USA,"Bryant, Alexander, Russell","El Paso County TX"
Katrina,Alexander,katrina.alexander@email.com,Individual,Active,2020-03-28,2026-03-28,(915) 555-0318,552 Protocol Blvd,El Paso,TX,79911,USA,"Alexander, Russell, Griffin","Bexar County TX, Comal County TX"
Seth,Russell,seth.russell@email.com,Individual,Expired,2017-10-15,2025-10-15,(210) 555-0319,663 Convention Drive,San Antonio,TX,78221,USA,"Russell, Griffin, Diaz","Guadalupe County TX, Wilson County TX"
Lindsey,Griffin,lindsey.griffin@email.com,Family,Active,2021-05-02,2026-05-02,(210) 555-0320,774 Tradition Court,San Antonio,TX,78222,USA,"Griffin, Diaz, Hayes","Kendall County TX, Bandera County TX"
Evan,Diaz,evan.diaz@email.com,Lifetime,Active,2012-12-18,,,(210) 555-0321,885 Custom Lane,San Antonio,TX,78223,USA,"Diaz, Hayes, Myers","Kerr County TX, Gillespie County TX"
Allison,Hayes,allison.hayes@email.com,Individual,Active,2022-06-05,2026-06-05,(210) 555-0322,996 Routine Road,San Antonio,TX,78224,USA,"Hayes, Myers, Ford","Blanco County TX, Hays County TX"
Derek,Myers,derek.myers@email.com,Individual,Pending,2025-08-22,2026-08-22,(210) 555-0323,107 Practice Place,San Antonio,TX,78225,USA,"Myers, Ford, Hamilton","Travis County TX, Williamson County TX"
Cassandra,Ford,cassandra.ford@email.com,Family,Active,2019-01-08,2026-01-08,(210) 555-0324,218 Habit Way,San Antonio,TX,78226,USA,"Ford, Hamilton, Graham","Bastrop County TX, Lee County TX"
Grant,Hamilton,grant.hamilton@email.com,Student,Expired,2023-09-25,2025-09-25,(210) 555-0325,329 Pattern Street,San Antonio,TX,78227,USA,"Hamilton, Graham, Sullivan","Fayette County TX, Colorado County TX"
Morgan,Graham,morgan.graham@email.com,Individual,Active,2021-02-12,2026-02-12,(210) 555-0326,431 Design Blvd,San Antonio,TX,78228,USA,"Graham, Sullivan, Wallace","Lavaca County TX, DeWitt County TX"
Trevor,Sullivan,trevor.sullivan@email.com,Individual,Active,2020-07-28,2026-07-28,(210) 555-0327,542 Plan Drive,San Antonio,TX,78229,USA,"Sullivan, Wallace, West","Gonzales County TX, Karnes County TX"
Haley,Wallace,haley.wallace@email.com,Family,Active,2018-03-15,2026-03-15,(210) 555-0328,653 Scheme Court,San Antonio,TX,78230,USA,"Wallace, West, Cole","Atascosa County TX, Frio County TX"
Troy,West,troy.west@email.com,Lifetime,Active,2014-08-02,,,(210) 555-0329,764 Blueprint Lane,San Antonio,TX,78231,USA,"West, Cole, Jordan","Medina County TX, Uvalde County TX"
Brenda,Cole,brenda.cole@email.com,Individual,Active,2022-11-18,2026-11-18,(210) 555-0330,875 Layout Road,San Antonio,TX,78232,USA,"Cole, Jordan, Owens","Real County TX, Bandera County TX"
Ian,Jordan,ian.jordan@email.com,Individual,Expired,2016-02-05,2025-02-05,(210) 555-0331,986 Format Place,San Antonio,TX,78233,USA,"Jordan, Owens, Reynolds","Zavala County TX, Dimmit County TX"
Nina,Owens,nina.owens@email.com,Family,Active,2019-08-22,2026-08-22,(210) 555-0332,197 Structure Way,San Antonio,TX,78234,USA,"Owens, Reynolds, Fisher","La Salle County TX, McMullen County TX"
Kyle,Reynolds,kyle.reynolds@email.com,Student,Active,2024-05-08,2026-05-08,(210) 555-0333,208 Framework Street,San Antonio,TX,78235,USA,"Reynolds, Fisher, Ellis","Webb County TX, Duval County TX"
Robyn,Fisher,robyn.fisher@email.com,Individual,Pending,2025-10-25,2026-10-25,(210) 555-0334,319 Outline Blvd,San Antonio,TX,78236,USA,"Fisher, Ellis, Harrison","Jim Hogg County TX, Starr County TX"
Luke,Ellis,luke.ellis@email.com,Individual,Active,2020-04-12,2026-04-12,(210) 555-0335,421 Draft Drive,San Antonio,TX,78237,USA,"Ellis, Harrison, Gibson","Hidalgo County TX, Zapata County TX"
Misty,Harrison,misty.harrison@email.com,Family,Active,2021-09-28,2026-09-28,(210) 555-0336,532 Sketch Court,San Antonio,TX,78238,USA,"Harrison, Gibson, McDonald","Cameron County TX, Willacy County TX"
Joel,Gibson,joel.gibson@email.com,Lifetime,Active,2010-04-15,,,(210) 555-0337,643 Model Lane,San Antonio,TX,78239,USA,"Gibson, McDonald, Cruz","Kenedy County TX, Brooks County TX"
Gina,McDonald,gina.mcdonald@email.com,Individual,Active,2022-08-02,2026-08-02,(210) 555-0338,754 Template Road,San Antonio,TX,78240,USA,"McDonald, Cruz, Marshall","Kleberg County TX, Jim Wells County TX"
Neil,Cruz,neil.cruz@email.com,Individual,Expired,2017-01-18,2025-01-18,(210) 555-0339,865 Sample Place,San Antonio,TX,78241,USA,"Cruz, Marshall, Ortiz","Nueces County TX, San Patricio County TX"
Wanda,Marshall,wanda.marshall@email.com,Family,Active,2019-07-05,2026-07-05,(210) 555-0340,976 Example Way,San Antonio,TX,78242,USA,"Marshall, Ortiz, Gomez","Aransas County TX, Refugio County TX"
Pedro,Ortiz,pedro.ortiz@email.com,Student,Expired,2023-12-22,2025-12-22,(210) 555-0341,187 Instance Street,San Antonio,TX,78243,USA,"Ortiz, Gomez, Murray","Goliad County TX, Bee County TX"
Cathy,Gomez,cathy.gomez@email.com,Individual,Active,2021-04-08,2026-04-08,(210) 555-0342,298 Case Blvd,San Antonio,TX,78244,USA,"Gomez, Murray, Freeman","Live Oak County TX, Karnes County TX"
Stuart,Murray,stuart.murray@email.com,Individual,Pending,2025-09-15,2026-09-15,(210) 555-0343,309 Specimen Drive,San Antonio,TX,78245,USA,"Murray, Freeman, Wells","DeWitt County TX, Victoria County TX"
Elaine,Freeman,elaine.freeman@email.com,Family,Active,2020-01-02,2026-01-02,(210) 555-0344,411 Illustration Court,San Antonio,TX,78246,USA,"Freeman, Wells, Webb","Jackson County TX, Matagorda County TX"
Hugh,Wells,hugh.wells@email.com,Lifetime,Active,2013-06-18,,,(210) 555-0345,522 Demonstration Lane,San Antonio,TX,78247,USA,"Wells, Webb, Simpson","Wharton County TX, Colorado County TX"
Vera,Webb,vera.webb@email.com,Individual,Active,2022-03-05,2026-03-05,(210) 555-0346,633 Display Road,San Antonio,TX,78248,USA,"Webb, Simpson, Stevens","Austin County TX, Fort Bend County TX"
Stanley,Simpson,stanley.simpson@email.com,Individual,Active,2019-10-22,2026-10-22,(210) 555-0347,744 Show Place,San Antonio,TX,78249,USA,"Simpson, Stevens, Tucker","Brazoria County TX, Galveston County TX"
Phyllis,Stevens,phyllis.stevens@email.com,Family,Expired,2016-05-08,2025-05-08,(210) 555-0348,855 Exhibit Way,San Antonio,TX,78250,USA,"Stevens, Tucker, Porter","Harris County TX, Chambers County TX"
Dean,Tucker,dean.tucker@email.com,Student,Active,2024-08-25,2026-08-25,(210) 555-0349,966 Presentation Street,San Antonio,TX,78251,USA,"Tucker, Porter, Hunter","Liberty County TX, Hardin County TX"
Doris,Porter,doris.porter@email.com,Individual,Active,2020-12-12,2026-12-12,(210) 555-0350,177 Feature Blvd,San Antonio,TX,78252,USA,"Porter, Hunter, Hicks","Jefferson County TX, Orange County TX"
Felix,Hunter,felix.hunter@email.com,Individual,Active,2021-06-28,2026-06-28,(512) 555-0351,288 Highlight Drive,Austin,TX,78736,USA,"Hunter, Hicks, Crawford","Newton County TX, Jasper County TX"
Jane,Hicks,jane.hicks@email.com,Family,Pending,2025-11-05,2026-11-05,(512) 555-0352,399 Spotlight Court,Austin,TX,78737,USA,"Hicks, Crawford, Henry","Tyler County TX, Polk County TX"
Warren,Crawford,warren.crawford@email.com,Lifetime,Active,2008-09-22,,,(512) 555-0353,401 Focus Lane,Austin,TX,78738,USA,"Crawford, Henry, Boyd","San Jacinto County TX, Walker County TX"
Irene,Henry,irene.henry@email.com,Individual,Active,2022-05-08,2026-05-08,(512) 555-0354,512 Center Road,Austin,TX,78739,USA,"Henry, Boyd, Mason","Trinity County TX, Houston County TX"
Rodney,Boyd,rodney.boyd@email.com,Individual,Expired,2017-08-25,2025-08-25,(512) 555-0355,623 Pivot Place,Austin,TX,78741,USA,"Boyd, Mason, Morales","Anderson County TX, Cherokee County TX"
Connie,Mason,connie.mason@email.com,Family,Active,2019-03-12,2026-03-12,(512) 555-0356,734 Axis Way,Austin,TX,78742,USA,"Mason, Morales, Kennedy","Smith County TX, Wood County TX"
Dale,Morales,dale.morales@email.com,Student,Expired,2023-10-28,2025-10-28,(512) 555-0357,845 Fulcrum Street,Austin,TX,78744,USA,"Morales, Kennedy, Warren","Rains County TX, Van Zandt County TX"
Joanne,Kennedy,joanne.kennedy@email.com,Individual,Active,2021-08-15,2026-08-15,(512) 555-0358,956 Balance Blvd,Austin,TX,78745,USA,"Kennedy, Warren, Dixon","Henderson County TX, Kaufman County TX"
Calvin,Warren,calvin.warren@email.com,Individual,Active,2020-02-02,2026-02-02,(512) 555-0359,167 Equilibrium Drive,Austin,TX,78746,USA,"Warren, Dixon, Ramos","Navarro County TX, Ellis County TX"
Sally,Dixon,sally.dixon@email.com,Family,Active,2018-09-18,2026-09-18,(512) 555-0360,278 Harmony Court,Austin,TX,78747,USA,"Dixon, Ramos, Reyes","Hill County TX, Johnson County TX"
Floyd,Ramos,floyd.ramos@email.com,Lifetime,Active,2011-02-05,,,(512) 555-0361,389 Unity Lane,Austin,TX,78748,USA,"Ramos, Reyes, Burns","Somervell County TX, Bosque County TX"
Rita,Reyes,rita.reyes@email.com,Individual,Pending,2025-08-08,2026-08-08,(512) 555-0362,491 Accord Road,Austin,TX,78749,USA,"Reyes, Burns, Gordon","Erath County TX, Comanche County TX"
Darren,Burns,darren.burns@email.com,Individual,Active,2022-01-25,2026-01-25,(512) 555-0363,502 Concord Place,Austin,TX,78750,USA,"Burns, Gordon, Shaw","Eastland County TX, Callahan County TX"
Joann,Gordon,joann.gordon@email.com,Family,Active,2019-06-12,2026-06-12,(512) 555-0364,613 Agreement Way,Austin,TX,78751,USA,"Gordon, Shaw, Holmes","Taylor County TX, Nolan County TX"
Gordon,Shaw,gordon.shaw@email.com,Student,Active,2024-04-28,2026-04-28,(512) 555-0365,724 Pact Street,Austin,TX,78752,USA,"Shaw, Holmes, Rice","Jones County TX, Haskell County TX"
Loretta,Holmes,loretta.holmes@email.com,Individual,Active,2020-09-15,2026-09-15,(512) 555-0366,835 Treaty Blvd,Austin,TX,78753,USA,"Holmes, Rice, Robertson","Shackelford County TX, Stephens County TX"
Clifford,Rice,clifford.rice@email.com,Individual,Expired,2016-01-02,2025-01-02,(512) 555-0367,946 Alliance Drive,Austin,TX,78754,USA,"Rice, Robertson, Hunt","Palo Pinto County TX, Parker County TX"
Carmen,Robertson,carmen.robertson@email.com,Family,Active,2021-04-18,2026-04-18,(512) 555-0368,157 Coalition Court,Austin,TX,78756,USA,"Robertson, Hunt, Black","Wise County TX, Montague County TX"
Duane,Hunt,duane.hunt@email.com,Lifetime,Active,2014-11-05,,,(512) 555-0369,268 Federation Lane,Austin,TX,78757,USA,"Hunt, Black, Palmer","Cooke County TX, Grayson County TX"
Norma,Black,norma.black@email.com,Individual,Active,2022-07-22,2026-07-22,(512) 555-0370,379 Union Road,Austin,TX,78758,USA,"Black, Palmer, Wagner","Fannin County TX, Hunt County TX"
Lee,Palmer,lee.palmer@email.com,Individual,Pending,2025-10-08,2026-10-08,(512) 555-0371,481 League Place,Austin,TX,78759,USA,"Palmer, Wagner, Chavez","Collin County TX, Rockwall County TX"
Edith,Wagner,edith.wagner@email.com,Family,Active,2019-02-25,2026-02-25,(713) 555-0372,592 Association Way,Houston,TX,77011,USA,"Wagner, Chavez, Spencer","Dallas County TX, Tarrant County TX"
Norman,Chavez,norman.chavez@email.com,Student,Expired,2023-07-12,2025-07-12,(713) 555-0373,603 Society Street,Houston,TX,77012,USA,"Chavez, Spencer, Weaver","Denton County TX, Wise County TX"
Tina,Spencer,tina.spencer@email.com,Individual,Active,2021-11-28,2026-11-28,(713) 555-0374,714 Community Blvd,Houston,TX,77013,USA,"Spencer, Weaver, Zimmerman","Parker County TX, Hood County TX"
Lance,Weaver,lance.weaver@email.com,Individual,Active,2020-05-15,2026-05-15,(713) 555-0375,825 Group Drive,Houston,TX,77014,USA,"Weaver, Zimmerman, Douglas","Johnson County TX, Ellis County TX"
Rhonda,Zimmerman,rhonda.zimmerman@email.com,Family,Active,2018-12-02,2026-12-02,(713) 555-0376,936 Club Court,Houston,TX,77015,USA,"Zimmerman, Douglas, Hansen","Kaufman County TX, Henderson County TX"
Kent,Douglas,kent.douglas@email.com,Lifetime,Active,2009-05-18,,,(713) 555-0377,147 Organization Lane,Houston,TX,77016,USA,"Douglas, Hansen, Franklin","Van Zandt County TX, Smith County TX"
Arlene,Hansen,arlene.hansen@email.com,Individual,Active,2022-09-05,2026-09-05,(713) 555-0378,258 Institution Road,Houston,TX,77017,USA,"Hansen, Franklin, Pierce","Gregg County TX, Rusk County TX"
Chester,Franklin,chester.franklin@email.com,Individual,Expired,2017-02-22,2025-02-22,(713) 555-0379,369 Foundation Place,Houston,TX,77018,USA,"Franklin, Pierce, Stone","Nacogdoches County TX, Angelina County TX"
Vivian,Pierce,vivian.pierce@email.com,Family,Active,2019-09-08,2026-09-08,(713) 555-0380,471 Establishment Way,Houston,TX,77019,USA,"Pierce, Stone, Hawkins","Shelby County TX, Panola County TX"
Clayton,Stone,clayton.stone@email.com,Student,Active,2024-01-25,2026-01-25,(713) 555-0381,582 Enterprise Street,Houston,TX,77020,USA,"Stone, Hawkins, Little","Harrison County TX, Marion County TX"
Anita,Hawkins,anita.hawkins@email.com,Individual,Pending,2025-12-12,2026-12-12,(713) 555-0382,693 Venture Blvd,Houston,TX,77021,USA,"Hawkins, Little, Dunn","Cass County TX, Bowie County TX"
Owen,Little,owen.little@email.com,Individual,Active,2020-06-28,2026-06-28,(713) 555-0383,704 Endeavor Drive,Houston,TX,77022,USA,"Little, Dunn, Edwards","Red River County TX, Lamar County TX"
Roberta,Dunn,roberta.dunn@email.com,Family,Active,2021-01-15,2026-01-15,(713) 555-0384,815 Project Court,Houston,TX,77023,USA,"Dunn, Edwards, Collins","Delta County TX, Hopkins County TX"
Curtis,Edwards,curtis.edwards@email.com,Lifetime,Active,2012-07-02,,,(713) 555-0385,926 Initiative Lane,Houston,TX,77024,USA,"Edwards, Collins, Stewart","Franklin County TX, Titus County TX"
Elena,Collins,elena.collins@email.com,Individual,Active,2022-02-18,2026-02-18,(713) 555-0386,137 Campaign Road,Houston,TX,77025,USA,"Collins, Stewart, Sanchez","Morris County TX, Camp County TX"
Marvin,Stewart,marvin.stewart@email.com,Individual,Expired,2016-07-05,2025-07-05,(713) 555-0387,248 Movement Place,Houston,TX,77026,USA,"Stewart, Sanchez, Morris","Upshur County TX, Wood County TX"
Olga,Sanchez,olga.sanchez@email.com,Family,Active,2019-12-22,2026-12-22,(713) 555-0388,359 Cause Way,Houston,TX,77027,USA,"Sanchez, Morris, Rogers","Rains County TX, Hopkins County TX"
Clyde,Morris,clyde.morris@email.com,Student,Expired,2023-05-08,2025-05-08,(713) 555-0389,461 Mission Street,Houston,TX,77028,USA,"Morris, Rogers, Reed","Kaufman County TX, Navarro County TX"
Naomi,Rogers,naomi.rogers@email.com,Individual,Active,2021-07-25,2026-07-25,(713) 555-0390,572 Purpose Blvd,Houston,TX,77029,USA,"Rogers, Reed, Cook","Hill County TX, McLennan County TX"
Herman,Reed,herman.reed@email.com,Individual,Pending,2025-09-12,2026-09-12,(713) 555-0391,683 Goal Drive,Houston,TX,77030,USA,"Reed, Cook, Morgan","Bell County TX, Coryell County TX"
Priscilla,Cook,priscilla.cook@email.com,Family,Active,2020-03-28,2026-03-28,(713) 555-0392,794 Target Court,Houston,TX,77031,USA,"Cook, Morgan, Bell","Lampasas County TX, Mills County TX"
Leonard,Morgan,leonard.morgan@email.com,Lifetime,Active,2015-10-15,,,(713) 555-0393,805 Aim Lane,Houston,TX,77032,USA,"Morgan, Bell, Murphy","San Saba County TX, McCulloch County TX"
Lucille,Bell,lucille.bell@email.com,Individual,Active,2022-04-02,2026-04-02,(713) 555-0394,916 Objective Road,Houston,TX,77033,USA,"Bell, Murphy, Bailey","Concho County TX, Tom Green County TX"
Milton,Murphy,milton.murphy@email.com,Individual,Active,2019-08-18,2026-08-18,(713) 555-0395,127 Intent Place,Houston,TX,77034,USA,"Murphy, Bailey, Rivera","Runnels County TX, Coleman County TX"
Eileen,Bailey,eileen.bailey@email.com,Family,Expired,2017-04-05,2025-04-05,(713) 555-0396,238 Ambition Way,Houston,TX,77035,USA,"Bailey, Rivera, Cooper","Brown County TX, Comanche County TX"
Sidney,Rivera,sidney.rivera@email.com,Student,Active,2024-07-22,2026-07-22,(713) 555-0397,349 Aspiration Street,Houston,TX,77036,USA,"Rivera, Cooper, Richardson","Hamilton County TX, Coryell County TX"
Maxine,Cooper,maxine.cooper@email.com,Individual,Active,2020-01-08,2026-01-08,(713) 555-0398,451 Dream Blvd,Houston,TX,77037,USA,"Cooper, Richardson, Cox","Bell County TX, Falls County TX"
Gilbert,Richardson,gilbert.richardson@email.com,Individual,Active,2021-06-25,2026-06-25,(713) 555-0399,562 Vision Drive,Houston,TX,77038,USA,"Richardson, Cox, Howard","Limestone County TX, Freestone County TX"
Geraldine,Cox,geraldine.cox@email.com,Family,Pending,2025-11-02,2026-11-02,(713) 555-0400,673 Hope Court,Houston,TX,77039,USA,"Cox, Howard, Ward","Leon County TX, Robertson County TX"