"Name","Occupation","Address","Directory Year","Spouse Name"
"Johann Zimmermann","laborer","564 Soledad St","1905","Augusta Klein"
"Guadalupe Díaz","clerk","1026 Soledad St","1891","Clara Wolf"
"Edward Wright","farmer","126 Houston St","1925","Grace Harris"
"Walter Roberts","butcher","848 Navarro St","1901","Josefa Torres"
"Juan Ortiz","teamster","883 Market St","1885",""
"Frank Jackson","laborer","477 Soledad St","1910","Luz Rodríguez"
"Samuel Wright","attorney","1034 Houston St","1877",""
"Richard Wright","stockman","483 Flores St","1877","Mary Baker"
"Wilhelm Wolf","minister","1029 Market St","1885","Remedios García"
"Conrad Wolf","saloon keeper","1125 Houston St","1915","Beatriz Rodríguez"
"Isidro Chávez","stockman","656 Alamo Plaza","1905",""
"Seamus Connelly","blacksmith","293 Navarro St","1901","Ida Bauer"
"August Meyer","printer","1108 Santa Rosa St","1881",""
"Franz Hartmann","carpenter","723 Laredo St","1905","Mabel Thompson"
"Ernesto Herrera","merchant","692 Flores St","1881","Sophie Fischer"
"Walter Perez","physician","248 Santa Rosa St","1881","Augusta Bergmann"
"Hans Zimmermann","blacksmith","409 Navarro St","1905",""
"Robert Thompson","farmer","442 Laredo St","1920",""
"Manuel Morales","saloon keeper","1094 Alamo Plaza","1877",""
"Hermann Schwarz","tailor","893 Laredo St","1901","Wilhelmine Wolf"
"Albert Smith","attorney","454 Laredo St","1895",""
"Ludwig Schulz","printer","585 Laredo St","1925","Consuelo García"
"Ernst Becker","butcher","175 Houston St","1895","Harriet Roberts"
"Manuel Hernández","printer","1157 Santa Rosa St","1885",""
"Pedro Flores","saloon keeper","1135 Houston St","1891","Dolores Medina"
"Rafael Medina","butcher","993 Navarro St","1920",""
"Manuel Ramírez","teamster","779 Santa Rosa St","1895",""
"Arthur Harris","baker","721 Laredo St","1920","Amparo López"
"Tomás Torres","physician","868 Laredo St","1901",""
"Klaus Krüger","butcher","520 Navarro St","1910","Sarah King"
"Francisco Ramos","farmer","1033 Houston St","1905","Frieda Wolf"
"Florencio Medina","butcher","239 Navarro St","1901","Rosa Chávez"
"Franz Koch","attorney","630 Market St","1901","Olga Meyer"
"Agustín Medina","baker","515 Santa Rosa St","1910",""
"Johann Hartmann","merchant","283 Soledad St","1915","Florence Miller"
"Colm McCarthy","laborer","851 Flores St","1915","Anna Richter"
"Karl Steinemann","blacksmith","923 Market St","1901","Nellie Brown"
"José Cruz","druggist","845 Market St","1915","Elizabeth Scott"
"Patrick Connelly","butcher","160 Market St","1905",""
"Eamon Brennan","laborer","314 Navarro St","1905","Augusta Werner"
"Henry Young","merchant","149 Flores St","1891",""
"Hermann Schroeder","stockman","382 Navarro St","1905","Bridget Gallagher"
"Conrad Hartmann","stockman","1027 Alamo Plaza","1881","Edith Scott"
"Gregorio Sánchez","tailor","776 Houston St","1905","Catalina Rivera"
"Miguel Garza","teamster","165 Commerce St","1920","Helene Schroeder"
"George Smith","merchant","819 Market St","1925","Frieda Werner"
"Bruno Zimmermann","farmer","216 Market St","1885","Alice Wilson"
"Rafael Ortiz","teacher","503 Soledad St","1920","Florence Wright"
"George Scott","saloon keeper","507 Commerce St","1885","Wilhelmine Schulz"
"Ernst Richter","blacksmith","589 Alamo Plaza","1885",""
"Frederick Smith","physician","1090 Soledad St","1895","Katharina Mueller"
"Bruno Weber","carpenter","162 Laredo St","1925",""
"Eusebio Herrera","tailor","879 Laredo St","1915","Dolores Moreno"
"Ernst Werner","attorney","818 Laredo St","1915","Helene Hartmann"
"Feliciano González","teacher","505 Flores St","1881","Beatriz Salinas"
"José Salinas","merchant","551 Navarro St","1901","Emma Jackson"
"Eusebio Fuentes","printer","689 Market St","1925",""
"Hermann Klein","laborer","819 Navarro St","1877","Bertha Lehmann"
"Friedrich Wagner","barber","583 Alamo Plaza","1885","Bertha Bergmann"
"Bruno Wolf","farmer","366 Alamo Plaza","1920","Teresa Herrera"
"Manuel García","laborer","585 Soledad St","1877","Helen Thomas"
"Gerhard Zimmermann","baker","877 Soledad St","1901",""
"Bruno Hartmann","blacksmith","1004 Houston St","1891",""
"Pedro Torres","printer","697 Soledad St","1885",""
"Andrés Moreno","teacher","545 Alamo Plaza","1881",""
"Charles Adams","merchant","225 Commerce St","1895",""
"Jesús Vásquez","farmer","488 Commerce St","1885","Mathilde Koch"
"Arthur Wright","laborer","154 Alamo Plaza","1877",""
"Juan Martínez","laborer","766 Market St","1905","Petra García"
"Otto Schulz","carpenter","644 Navarro St","1915","Catalina Cruz"
"Ramón Cantu","tailor","370 Laredo St","1905","Teresa Herrera"
"Ramón Rivera","druggist","380 Laredo St","1925","Clara Schroeder"
"Liam Burke","printer","281 Navarro St","1920","María Reyes"
"Dermot Doyle","butcher","735 Houston St","1895","Mary Brown"
"Aurelio Fuentes","printer","732 Alamo Plaza","1920","Edith Baker"
"Thomas Thompson","minister","623 Alamo Plaza","1915",""
"Andrés Treviño","tailor","554 Santa Rosa St","1877","Gertrud Meyer"
"Feliciano López","merchant","687 Houston St","1905","Louisa Lange"
"Rafael Cantu","minister","930 Soledad St","1915",""
"Henry Mitchell","clerk","347 Santa Rosa St","1910","Marta Werner"
"Gerhard Schwarz","stockman","672 Alamo Plaza","1891",""
"Carlos García","clerk","241 Flores St","1920","Petra Rodríguez"
"Agustín Vásquez","teacher","886 Alamo Plaza","1885","Felicitas Rivera"
"Dermot Kennedy","tailor","349 Market St","1925","Katharina Koch"
"Heinrich Schroeder","clerk","1044 Soledad St","1915","Florence Harris"
"Rafael Ortiz","physician","873 Houston St","1910","Guadalupe Domínguez"
"Samuel Taylor","teamster","105 Flores St","1910","Helene Hartmann"
"José Torres","stockman","1032 Commerce St","1877",""
"William Brown","farmer","978 Soledad St","1915","Edith Jones"
"Clarence Jackson","minister","1144 Commerce St","1877",""
"Karl Schäfer","stockman","715 Santa Rosa St","1925",""
"Jesús Ortiz","blacksmith","239 Alamo Plaza","1895",""
"Antonio Domínguez","merchant","969 Houston St","1891",""
"Eusebio Sánchez","teamster","424 Market St","1885",""
"Walter Wolf","stockman","393 Navarro St","1925","Ida Werner"
"Adolph Zimmermann","saloon keeper","913 Navarro St","1910","Louisa Thomas"
"Eusebio Medina","carpenter","264 Santa Rosa St","1920",""
"Ludwig Lange","stockman","332 Santa Rosa St","1910","Wilhelmine Schroeder"
"August Hoffmann","barber","412 Flores St","1910",""
"Ernesto Sánchez","attorney","953 Houston St","1901",""
"Charles Jackson","saloon keeper","197 Laredo St","1905","Emilie Hartmann"
"Friedrich Schroeder","saloon keeper","759 Flores St","1885",""
"Agustín Cruz","clerk","672 Market St","1920",""
"Antonio Cruz","blacksmith","684 Houston St","1895","Louisa Jones"
"Carlos Garza","carpenter","614 Navarro St","1895","Nellie Johnson"
"Eusebio Vásquez","minister","359 Commerce St","1901","Beatriz Rodríguez"
"Luis Ramírez","printer","484 Soledad St","1920","Louisa Gruenewald"
"Robert Harris","merchant","958 Commerce St","1910","Sarah Moore"
"Conrad Richter","saloon keeper","392 Navarro St","1905",""
"Agustín González","attorney","369 Soledad St","1885","Angela Ramos"
"Johann Schmitt","blacksmith","315 Laredo St","1877","Concepción Molina"
"José Pérez","laborer","1066 Houston St","1910","Amparo Moreno"
"George Harris","merchant","655 Navarro St","1881","Felicitas Herrera"
"Aurelio Domínguez","laborer","806 Flores St","1881","Soledad Molina"
"Gregorio Vásquez","druggist","136 Soledad St","1901","Felicitas Domínguez"
"George Thompson","baker","566 Flores St","1925",""
"Ludwig Braun","laborer","237 Santa Rosa St","1910",""
"William Carter","teacher","941 Navarro St","1901",""
"Francisco Reyes","attorney","340 Houston St","1885",""
"Wilhelm Klein","saloon keeper","755 Soledad St","1910",""
"Ernst Bergmann","minister","140 Soledad St","1920","Mary Wilson"
"Miguel Reyes","teamster","336 Flores St","1881",""
"José Flores","barber","916 Laredo St","1877",""
"José Morales","farmer","755 Laredo St","1910","Sarah Taylor"
"Kieran Gallagher","clerk","902 Commerce St","1877","Petra Morales"
"Ignacio Castillo","merchant","1131 Market St","1881","Elena Rodríguez"
"Feliciano Ramírez","druggist","470 Navarro St","1925","Consuelo Ramos"
"Andrés López","butcher","305 Laredo St","1910",""
"Wilhelm Schäfer","teacher","1194 Houston St","1877","María Salinas"
"Frank Smith","barber","925 Houston St","1895","Petra Ramos"
"Gregorio Chávez","merchant","1085 Navarro St","1891","Elizabeth King"
"Juan Pérez","carpenter","671 Santa Rosa St","1920","Hedwig Bauer"
"Frederick Perez","stockman","672 Laredo St","1920","Katharina Hartmann"
"Carlos Molina","farmer","963 Houston St","1877",""
"Ramón Torres","clerk","529 Santa Rosa St","1925",""
"Rafael Morales","barber","748 Market St","1925","Beatriz González"
"Antonio Salinas","farmer","232 Santa Rosa St","1925",""
"Wilhelm Klein","butcher","837 Laredo St","1910","Ruth Young"
"Clarence Martin","carpenter","488 Commerce St","1915",""
"Clarence Miller","teamster","368 Commerce St","1877","Bertha Braun"
"Aurelio Vásquez","baker","999 Soledad St","1915",""
"Hermann Richter","barber","137 Flores St","1881","Harriet Roberts"
"José Morales","stockman","257 Soledad St","1925","Soledad García"
"Miguel Rodríguez","baker","112 Commerce St","1901",""
"Gregorio Díaz","saloon keeper","757 Santa Rosa St","1895",""
"Ernesto Rodríguez","physician","229 Laredo St","1915","Ruth Jackson"
"Feliciano Díaz","laborer","835 Laredo St","1925","Aoife Gallagher"
"Gregorio Reyes","baker","406 Soledad St","1925",""
"Frederick Miller","tailor","205 Soledad St","1885","Mary Moore"
"James Williams","attorney","740 Santa Rosa St","1920","Louisa Baker"
"Isidro Rivera","physician","729 Market St","1910",""
"Samuel Wright","laborer","745 Market St","1925","Ida Jackson"
"Richard Jones","minister","554 Santa Rosa St","1885","Carmen Vásquez"
"Adolph Meyer","carpenter","187 Commerce St","1910","Helene Becker"
"Agustín Cantu","barber","146 Soledad St","1895",""
"Carlos Torres","clerk","671 Navarro St","1877","Concepción Treviño"
"Richard Perez","barber","527 Navarro St","1920","Francisca García"
"Adolph Schmidt","clerk","905 Alamo Plaza","1901",""
"Karl Hoffmann","attorney","748 Navarro St","1920",""
"Richard White","carpenter","1052 Alamo Plaza","1877","Beatriz Herrera"
"Bruno Braun","teacher","1071 Navarro St","1905","Emma Thomas"
"George Martin","teamster","511 Laredo St","1895",""
"William Brown","printer","716 Soledad St","1915","Anna Bauer"
"Francisco Moreno","saloon keeper","202 Commerce St","1877",""
"Florencio Salinas","stockman","1035 Santa Rosa St","1885","Frieda Becker"
"Pedro Martínez","attorney","1027 Navarro St","1925","Ramona Treviño"
"Ernst Hartmann","physician","100 Houston St","1905","Ruth Young"
"John Carter","tailor","164 Navarro St","1891","Clara Bauer"
"Gustav Fischer","farmer","367 Houston St","1895","Rosa Morales"
"Florencio Flores","farmer","901 Houston St","1901","María Hernández"
"Heinrich Wolf","teamster","1144 Laredo St","1920","Grace Harris"
"Wilhelm Mueller","butcher","475 Alamo Plaza","1901",""
"William Roberts","barber","1110 Market St","1920","Hedwig Krüger"
"Klaus Weidemann","laborer","507 Navarro St","1905",""
"Edward Martin","farmer","1050 Commerce St","1905","Harriet King"
"Jesús Ramírez","teamster","521 Santa Rosa St","1891",""
"George Baker","druggist","1131 Alamo Plaza","1885",""
"Isidro Medina","farmer","325 Flores St","1885",""
"Franz Bauer","blacksmith","910 Flores St","1881","Lupe Martínez"
"Samuel King","teamster","1166 Market St","1891","Alice Wright"
"Ludwig Schulz","minister","599 Houston St","1920","Nellie Moore"
"Carlos Martínez","tailor","375 Commerce St","1920",""
"Arthur King","druggist","1124 Flores St","1877","Juana Díaz"
"Gregorio Reyes","farmer","403 Commerce St","1905",""
"Antonio García","druggist","539 Santa Rosa St","1895","Rosa Morales"
"Guadalupe Salinas","barber","752 Alamo Plaza","1891","Guadalupe Morales"
"Karl Weber","stockman","945 Alamo Plaza","1877",""
"John Scott","clerk","861 Market St","1881","Pearl King"
"Pedro Gutiérrez","laborer","934 Soledad St","1925",""
"James Martin","farmer","547 Soledad St","1901","Margarita Garza"
"Carlos Torres","carpenter","917 Houston St","1920",""
"Frank Carter","minister","723 Houston St","1925","Concepción Ortiz"
"John White","druggist","716 Laredo St","1915",""
"Antonio Gutiérrez","merchant","1127 Santa Rosa St","1905",""
"Karl Steinemann","stockman","1009 Commerce St","1877","Hedwig Braun"
"James White","blacksmith","180 Alamo Plaza","1877",""
"Rafael Chávez","barber","1045 Market St","1885","Edith Thomas"
"Otto Krüger","physician","673 Soledad St","1901",""
"Héctor Salinas","saloon keeper","1034 Santa Rosa St","1915","Nellie King"
"Andrés Ramos","teamster","842 Houston St","1895","Louisa Smith"
"Ludwig Meyer","laborer","333 Alamo Plaza","1877",""
"Eamon Ryan","teacher","946 Commerce St","1877","Consuelo Rivera"
"Feliciano Pérez","saloon keeper","373 Commerce St","1895",""
"Ernst Lange","minister","771 Navarro St","1915","Catalina Rodríguez"
"Ludwig Klein","tailor","123 Commerce St","1891",""
"Carlos López","teacher","547 Navarro St","1881","Francisca González"
"Frank Green","teamster","403 Commerce St","1925","Margarita Domínguez"
"Walter Hartmann","laborer","587 Santa Rosa St","1905","Consuelo Martínez"
"Joseph Mitchell","blacksmith","1131 Commerce St","1891","Edith Thompson"
"Hans Schmitt","physician","422 Flores St","1891",""
"Eusebio Cantu","saloon keeper","1109 Market St","1901","Lillie King"
"Otto Wagner","minister","247 Santa Rosa St","1881","Mary King"
"Colm Murphy","barber","1062 Commerce St","1881","Emilie Gruenewald"
"Karl Wolf","minister","788 Flores St","1910","Maureen Brennan"
"Walter Brown","clerk","264 Laredo St","1910",""
"Edward Taylor","carpenter","807 Flores St","1901","Ramona Fuentes"
"Richard Mitchell","stockman","476 Soledad St","1915","Soledad Sánchez"
"Friedrich Lehmann","carpenter","470 Market St","1901","Gertrud Wolf"
"Richard Davis","butcher","639 Commerce St","1910","Grace Mitchell"
"Hans Fischer","teacher","320 Commerce St","1895","Alice Martin"
"Eusebio Ortiz","baker","984 Soledad St","1901","Luz Rivera"
"Hermann Neumann","laborer","964 Market St","1881","Olga Wagner"
"Johann Richter","attorney","499 Laredo St","1877",""
"Patrick Gallagher","baker","348 Houston St","1891",""
"Heinrich Hartmann","laborer","398 Alamo Plaza","1910",""
"Michael Kennedy","printer","621 Alamo Plaza","1901",""
"Andrés Fuentes","saloon keeper","471 Alamo Plaza","1891","Dolores Hernández"
"Henry Davis","teamster","818 Laredo St","1877","Mary King"
"Karl Werner","printer","291 Soledad St","1915","Francisca Torres"
"August Krüger","physician","1166 Houston St","1915","Elvira Salinas"
"Ignacio Chávez","saloon keeper","432 Santa Rosa St","1895",""
"Eugene Anderson","carpenter","413 Flores St","1881","Nellie Scott"
"Emil Gruenewald","clerk","1022 Soledad St","1885",""
"Agustín López","attorney","344 Flores St","1881","Frieda Bergmann"
"Francisco Herrera","merchant","714 Commerce St","1895",""
"Conrad Schulz","teamster","712 Santa Rosa St","1877","Amparo Ramos"
"Robert Johnson","teamster","595 Laredo St","1877",""
"Hermann Weber","tailor","365 Market St","1915",""
"Albert Martin","carpenter","910 Laredo St","1905","Ethel Williams"
"Emil Gruenewald","merchant","929 Soledad St","1915","Else Schwarz"
"Ludwig Hoffmann","clerk","687 Market St","1877",""
"Clarence Thompson","butcher","696 Market St","1891","Hilda Koch"
"Héctor Garza","laborer","1110 Flores St","1905",""
"Hermann Weber","druggist","855 Alamo Plaza","1901",""
"Guadalupe Morales","laborer","281 Houston St","1885","Frieda Schwarz"
"Adolph Mueller","butcher","539 Soledad St","1901",""
"Gustav Klein","minister","1106 Laredo St","1881","Francisca Rivera"
"Hermann Schäfer","laborer","722 Alamo Plaza","1891","Remedios Fuentes"
"José Garza","clerk","815 Houston St","1891","Emilie Koch"
"Emil Weber","stockman","476 Houston St","1881",""
"Andrés Castillo","stockman","1056 Soledad St","1885","Ramona Gutiérrez"
"Otto Fischer","butcher","357 Laredo St","1901","Beatriz Rivera"
"Patrick Connelly","carpenter","331 Navarro St","1905","Carmen Fuentes"
"Eugene Smith","laborer","497 Navarro St","1925",""
"Jesús Ortiz","baker","987 Navarro St","1915","Else Schäfer"
"Guadalupe Moreno","minister","244 Flores St","1920","Concepción Salinas"
"Ernst Lehmann","tailor","205 Soledad St","1910",""
"Thomas Mitchell","farmer","694 Alamo Plaza","1895",""
"Andrés Ortiz","butcher","866 Santa Rosa St","1920","Ramona Garza"
"August Weidemann","tailor","837 Navarro St","1915",""
"Frederick King","physician","145 Santa Rosa St","1895",""
"Johann Schroeder","barber","415 Santa Rosa St","1877",""
"Guadalupe Rodríguez","saloon keeper","100 Commerce St","1925","Lupe López"
"Klaus Schwarz","carpenter","1071 Navarro St","1905","Maureen Kennedy"
"Gustav Meyer","physician","844 Alamo Plaza","1881","Elizabeth Green"
"Michael Murphy","stockman","203 Santa Rosa St","1885",""
"Harold Anderson","physician","752 Alamo Plaza","1881",""
"Robert Brown","baker","737 Flores St","1891","Sophie Zimmermann"
"Franz Meyer","barber","960 Commerce St","1881","Francisca López"
"Gustav Weidemann","attorney","502 Laredo St","1877",""
"Hermann Richter","attorney","1170 Flores St","1901",""
"Henry White","physician","980 Alamo Plaza","1920","Marta Bauer"
"Jesús Rivera","blacksmith","182 Alamo Plaza","1905","Concepción Castillo"
"Florencio Herrera","tailor","219 Santa Rosa St","1925","Ruth Wilson"
"Carlos Domínguez","merchant","131 Laredo St","1920","Luz Fuentes"
"Walter Thompson","baker","882 Soledad St","1895",""
"Johann Koch","druggist","572 Navarro St","1895","Mathilde Koch"
"Andrés López","farmer","356 Alamo Plaza","1877",""
"Franz Richter","baker","512 Houston St","1910",""
"Bernardo Garza","minister","957 Alamo Plaza","1925",""
"Johann Gruenewald","teacher","574 Soledad St","1925","Ida Green"
"Ramón Fuentes","farmer","593 Laredo St","1901","Helen Thompson"
"Rafael Reyes","blacksmith","883 Houston St","1891",""
"Florencio Reyes","attorney","361 Laredo St","1905","Lillie Miller"
"Franz Neumann","carpenter","346 Laredo St","1885",""
"Francisco Rivera","druggist","1084 Soledad St","1915","Dolores Rivera"
"Agustín López","butcher","564 Santa Rosa St","1881",""
"Jesús Cantu","physician","452 Commerce St","1905","Katharina Braun"
"Joseph Johnson","merchant","1094 Santa Rosa St","1920",""
"Ernst Koch","farmer","921 Houston St","1910","Louisa Jones"
"Rafael Rodríguez","carpenter","590 Soledad St","1915",""
"Guadalupe Domínguez","printer","330 Commerce St","1891","Lupe García"
"Ramón Flores","printer","269 Market St","1920",""
"Gustav Schmitt","saloon keeper","528 Houston St","1885","Augusta Mueller"
"Klaus Schäfer","farmer","715 Navarro St","1910","Sarah Brown"
"Bruno Wolf","attorney","958 Commerce St","1905",""
"Liam O'Brien","baker","262 Navarro St","1877","Katharina Zimmermann"
"Pedro Medina","minister","333 Santa Rosa St","1885","Helen Martin"
"Antonio Domínguez","printer","234 Laredo St","1901","Eileen Walsh"
"Charles Wilson","baker","418 Houston St","1901","Amparo Flores"
"Florencio Herrera","saloon keeper","911 Santa Rosa St","1910",""
"Ignacio Hernández","printer","817 Market St","1881","Beatriz Cantu"
"Frederick Harris","barber","133 Santa Rosa St","1910","Emma Harris"
"Walter Bergmann","teamster","558 Navarro St","1905","Lena Zimmermann"
"Conrad Wagner","farmer","368 Commerce St","1891",""
"Juan Gutiérrez","printer","297 Houston St","1895",""
"Heinrich Schulz","printer","565 Navarro St","1881","Hilda Zimmermann"
"Florencio Salinas","clerk","670 Navarro St","1910",""
"Carlos Pérez","barber","914 Alamo Plaza","1915",""
"Thomas Mitchell","farmer","611 Commerce St","1881","Ethel Smith"
"Bernardo Ramos","butcher","365 Houston St","1881","Ida Braun"
"Ramón Hernández","carpenter","722 Santa Rosa St","1885","Emma Davis"
"Antonio Ortiz","saloon keeper","230 Santa Rosa St","1901",""
"Héctor Domínguez","saloon keeper","261 Market St","1877",""
"Ignacio Garza","butcher","1179 Houston St","1881",""
"Manuel Garza","attorney","476 Navarro St","1881","Carmen Torres"
"Henry Thomas","butcher","596 Soledad St","1910",""
"Héctor Flores","physician","1010 Houston St","1920",""
"Francisco Domínguez","druggist","440 Laredo St","1925",""
"Seamus O'Brien","printer","1073 Alamo Plaza","1925","Francisca Moreno"
"Wilhelm Mueller","laborer","827 Soledad St","1877","Elvira Vásquez"
"August Klein","baker","232 Laredo St","1885","Gertrud Schmitt"
"Tomás Sánchez","clerk","516 Flores St","1901",""
"Franz Weber","physician","501 Commerce St","1877","Bertha Smith"
"Andrés Rivera","physician","125 Navarro St","1877","Amparo Reyes"
"Henry Jackson","physician","715 Market St","1905","Ramona González"
"Tomás Salinas","printer","208 Soledad St","1920","Helen Carter"
"Samuel White","baker","236 Market St","1910","Bertha Lange"
"Juan García","clerk","1176 Santa Rosa St","1891",""
"Gregorio Ramírez","printer","646 Soledad St","1901","Bridget Brennan"
"Agustín Flores","stockman","390 Santa Rosa St","1877","Mathilde Hartmann"
"José López","farmer","232 Commerce St","1901","Fiona Flanagan"
"Klaus Schmidt","attorney","985 Soledad St","1920","Amparo Torres"
"Thomas Carter","butcher","932 Santa Rosa St","1920",""
"Walter Zimmermann","teamster","1029 Navarro St","1895","Bertha White"
"Seamus McCarthy","baker","1070 Alamo Plaza","1885",""
"Heinrich Koch","clerk","924 Commerce St","1901",""
"Ludwig Schwarz","blacksmith","741 Laredo St","1901","Bridget Murphy"
"Samuel Taylor","barber","836 Houston St","1885","Consuelo Fuentes"
"Gerhard Hoffmann","stockman","177 Commerce St","1885",""
"Charles Davis","stockman","1112 Commerce St","1910",""
"Joseph Green","blacksmith","1080 Santa Rosa St","1891",""
"Johann Bauer","merchant","313 Market St","1901","Carmen Rivera"
"Antonio Molina","merchant","284 Laredo St","1901","Elvira Morales"
"Bernardo Hernández","clerk","658 Alamo Plaza","1891","Juana González"
"William Green","stockman","654 Market St","1905",""
"August Neumann","baker","1082 Navarro St","1877","Edith Scott"
"Samuel Young","saloon keeper","1083 Laredo St","1881","Wilhelmine Krüger"
"Wilhelm Braun","clerk","350 Navarro St","1910","Emilie Schroeder"
"Florencio Díaz","carpenter","994 Soledad St","1925",""
"Franz Schulz","physician","275 Santa Rosa St","1915","Nellie Mitchell"
"Walter Gruenewald","baker","270 Market St","1877","Augusta Weidemann"
"Andrés Ramírez","blacksmith","720 Houston St","1901","Katharina Neumann"
"Gerhard Krüger","farmer","816 Soledad St","1877",""
"Juan Díaz","clerk","834 Navarro St","1901","Louisa Becker"
"Otto Mueller","druggist","947 Commerce St","1877",""
"Samuel Mitchell","clerk","104 Alamo Plaza","1885",""
"Hermann Braun","tailor","1049 Commerce St","1910",""
"William Johnson","butcher","145 Houston St","1881",""
"Friedrich Schulz","clerk","432 Navarro St","1925","Elena Reyes"
"Ignacio Ortiz","druggist","525 Flores St","1901","Lillie Martin"
"Thomas Mitchell","laborer","265 Flores St","1891",""
"Jesús Vásquez","laborer","443 Navarro St","1920",""
"Isidro Ortiz","teacher","975 Commerce St","1920",""
"Juan Ramos","minister","489 Houston St","1877","Luz Martínez"
"William Wright","merchant","1187 Houston St","1905",""
"Henry Green","druggist","1191 Market St","1925","Dolores Torres"
"Bernardo Flores","printer","567 Market St","1891","Lena Koch"
"Manuel Salinas","laborer","1190 Commerce St","1877",""
"Bruno Weidemann","tailor","350 Market St","1910",""
"Frederick Miller","laborer","649 Flores St","1920",""
"Klaus Steinemann","laborer","1171 Flores St","1891",""
"Hans Zimmermann","tailor","1142 Commerce St","1881","Mathilde Werner"
"Wilhelm Schmidt","druggist","737 Laredo St","1905","Florence Baker"
"Carlos Gutiérrez","clerk","465 Santa Rosa St","1881",""
"Robert Anderson","baker","268 Alamo Plaza","1905","Fiona Murphy"
"Gerhard Wagner","barber","421 Laredo St","1885","Anna Schwarz"
"José Flores","clerk","923 Navarro St","1881","Emma Green"
"Juan Moreno","farmer","527 Soledad St","1881",""
"Klaus Schroeder","carpenter","510 Laredo St","1910","Else Richter"
"Carlos Ramos","farmer","656 Alamo Plaza","1877",""
"Walter Nelson","butcher","708 Laredo St","1915","Teresa Castillo"
"Isidro Rodríguez","clerk","365 Flores St","1920","Amparo Salinas"
"Miguel Sánchez","stockman","1064 Commerce St","1925",""
"Juan Flores","clerk","233 Flores St","1885",""
"Charles Davis","laborer","662 Commerce St","1915",""
"José Herrera","saloon keeper","507 Santa Rosa St","1891","Carmen Cruz"
"Robert Anderson","clerk","1144 Laredo St","1895","Alice Allen"
"Miguel Morales","clerk","410 Laredo St","1905",""
"Frederick Davis","carpenter","311 Flores St","1901","Lupe Morales"
"Clarence Thomas","druggist","229 Alamo Plaza","1920","Katharina Steinemann"
"Gregorio Martínez","druggist","1141 Navarro St","1877",""
"José Moreno","butcher","509 Market St","1877","Elvira Pérez"
"Gerhard Koch","attorney","1058 Laredo St","1901","Amparo Ortiz"
"Hans Lehmann","druggist","599 Navarro St","1885",""
"Hermann Becker","druggist","139 Flores St","1920",""
"Samuel Wilson","teacher","1159 Commerce St","1885","Elvira Hernández"
"Otto Schroeder","printer","109 Flores St","1905","Margarita Domínguez"
"Eugene Green","butcher","1155 Alamo Plaza","1905",""
"Gustav Weber","clerk","1083 Commerce St","1881","Helen Johnson"
"Ramón Herrera","farmer","756 Market St","1895","Emma Anderson"
"Manuel Castillo","laborer","551 Santa Rosa St","1905","María Gutiérrez"
"Agustín Flores","clerk","826 Santa Rosa St","1881","Luz García"
"Michael Gallagher","farmer","805 Commerce St","1925","Esperanza Pérez"
"Gustav Neumann","merchant","1180 Houston St","1877",""
"Ramón Garza","baker","306 Laredo St","1885","Lupe Cantu"
"Rafael Flores","saloon keeper","1111 Flores St","1915","Bessie Roberts"
"Franz Bauer","minister","1121 Alamo Plaza","1885","Amparo Hernández"
"José Ramírez","tailor","1161 Soledad St","1925","Sophie Klein"
"Frederick Davis","merchant","371 Laredo St","1905","Louisa Gruenewald"
"Feliciano Medina","saloon keeper","575 Houston St","1925",""
"Ernesto Vásquez","barber","288 Houston St","1905","Concepción Rivera"
"Bernardo Reyes","printer","914 Alamo Plaza","1920",""
"Hans Becker","barber","796 Navarro St","1925","Margarita Pérez"
"Feliciano Salinas","stockman","876 Alamo Plaza","1877","Maureen Gallagher"
"Arthur Scott","barber","788 Soledad St","1925",""
"Franz Weidemann","baker","604 Navarro St","1895","Dolores Domínguez"
"Héctor Rivera","printer","763 Commerce St","1905","Bertha Werner"
"Joseph Adams","physician","1043 Soledad St","1877",""
"José Reyes","teamster","746 Commerce St","1881",""
"James Anderson","baker","1102 Commerce St","1895",""
"August Hartmann","blacksmith","371 Navarro St","1910",""
"Ignacio Cruz","baker","1101 Flores St","1915","Juana Domínguez"
"Feliciano López","druggist","681 Laredo St","1881","Augusta Bergmann"
"Walter Thompson","tailor","1099 Soledad St","1895","Frieda Lange"
"Richard Mitchell","carpenter","985 Commerce St","1877","Dolores Treviño"
"Charles Mitchell","druggist","317 Commerce St","1877","Elizabeth Nelson"
"Albert Wright","tailor","150 Navarro St","1925","Siobhan O'Brien"
"Florencio Ramos","teacher","675 Houston St","1901","Amparo Torres"
"Robert Young","carpenter","603 Navarro St","1877",""
"Florencio López","carpenter","212 Santa Rosa St","1910",""
"Miguel Ramos","saloon keeper","318 Alamo Plaza","1905","Helen Wright"
"Albert Moore","druggist","1150 Flores St","1881",""
"Franz Meyer","farmer","884 Alamo Plaza","1895","Bertha Bergmann"
"Friedrich Gruenewald","laborer","393 Market St","1891",""
"Gustav Meyer","clerk","144 Market St","1891",""
"Aurelio López","attorney","116 Alamo Plaza","1901","Frieda Richter"
"William King","druggist","709 Flores St","1910","Hilda Schäfer"
"Rafael González","barber","243 Houston St","1891","Luz Cantu"
"Héctor Cruz","baker","695 Laredo St","1905","Beatriz Salinas"
"Albert White","laborer","103 Flores St","1920",""
"Samuel Adams","stockman","899 Laredo St","1891","Florence Brown"
"Arthur Jackson","carpenter","1079 Soledad St","1891","Helene Schroeder"
"Gregorio Rivera","baker","842 Houston St","1895","Louisa Anderson"
"Andrés Rivera","minister","131 Houston St","1877",""
"Ernesto Cruz","minister","180 Commerce St","1925",""
"Tomás Martínez","barber","577 Soledad St","1915",""
"José Morales","merchant","967 Commerce St","1910",""
"William Perez","printer","1045 Alamo Plaza","1920","Concepción López"
"Gerhard Gruenewald","stockman","446 Commerce St","1885","Pearl Taylor"
"Ernst Braun","teamster","694 Alamo Plaza","1885","Else Schulz"
"Agustín Ramírez","carpenter","662 Market St","1891","Edith Wilson"
"Miguel González","blacksmith","547 Santa Rosa St","1905",""
"Otto Meyer","butcher","1054 Alamo Plaza","1891","Juana Moreno"
"Francisco Moreno","teamster","770 Flores St","1885","Bertha Schulz"
"Miguel Rodríguez","printer","626 Soledad St","1895",""
"Juan Gutiérrez","stockman","1176 Navarro St","1901","Harriet Brown"
"Walter Young","stockman","219 Houston St","1910","Soledad Chávez"
"Kieran Kennedy","physician","181 Flores St","1901",""
"Miguel Treviño","butcher","720 Houston St","1895",""
"Karl Gruenewald","physician","393 Houston St","1877","Elvira Hernández"
"Francisco Reyes","physician","1105 Alamo Plaza","1885",""
"Andrés González","barber","1013 Santa Rosa St","1901",""
"Gustav Braun","blacksmith","456 Santa Rosa St","1920",""
"Feliciano Ramos","tailor","978 Commerce St","1891",""
"Edward Martin","stockman","981 Alamo Plaza","1905","Lillie Brown"
"Agustín López","blacksmith","1189 Flores St","1877","Guadalupe García"
"Eamon Burke","butcher","240 Houston St","1895","Olga Mueller"
"Gregorio Ramos","farmer","169 Santa Rosa St","1885","Elena Domínguez"
"Joseph Jones","clerk","811 Commerce St","1925","Emilie Fischer"
"Hans Werner","attorney","543 Market St","1920","Remedios Ortiz"
"Wilhelm Wolf","blacksmith","362 Market St","1910","Josefa Ortiz"
"Isidro Martínez","teacher","684 Alamo Plaza","1915",""
"Agustín Molina","barber","512 Houston St","1881",""
"Ernesto Vásquez","farmer","473 Laredo St","1920","Petra Rodríguez"
"Juan Treviño","butcher","269 Commerce St","1891","Soledad Sánchez"
"Ramón Díaz","saloon keeper","796 Navarro St","1920","Hilda Werner"
"Manuel Chávez","baker","1126 Houston St","1881","Harriet Adams"
"Colm Doyle","blacksmith","506 Flores St","1925","Fiona Kennedy"
"Guadalupe Torres","printer","221 Flores St","1891",""
"Andrés Ramírez","physician","1169 Houston St","1910",""
"Otto Braun","teamster","312 Navarro St","1881","Remedios Flores"
"Andrés Moreno","teacher","670 Alamo Plaza","1881",""
"Pedro Pérez","printer","474 Santa Rosa St","1915",""
"Francisco Ortiz","baker","736 Laredo St","1877",""
"Luis Cruz","teacher","463 Houston St","1885","Grace Miller"
"Isidro Castillo","saloon keeper","540 Alamo Plaza","1885","Frieda Gruenewald"
"Eusebio Martínez","printer","652 Commerce St","1915",""
"Agustín Ramos","laborer","599 Navarro St","1905","Elvira González"
"Bruno Bauer","blacksmith","749 Navarro St","1895",""
"Ignacio Moreno","blacksmith","806 Soledad St","1925","Ida Weber"
"Adolph Koch","tailor","500 Laredo St","1915",""
"Ignacio Pérez","druggist","283 Navarro St","1877","Guadalupe Domínguez"
"Thomas Davis","minister","436 Flores St","1885",""
"Joseph Brown","printer","327 Market St","1910","Hilda Weidemann"
"Guadalupe Salinas","merchant","1027 Commerce St","1925",""
"Rafael Cantu","laborer","503 Commerce St","1891",""
"Gustav Krüger","farmer","315 Alamo Plaza","1891","Guadalupe Pérez"
"George Nelson","physician","582 Soledad St","1881",""
"Aurelio Torres","clerk","271 Alamo Plaza","1881",""
"Francisco González","printer","100 Santa Rosa St","1920","Petra Treviño"
"Hermann Koch","butcher","292 Soledad St","1877","Grace Scott"
"Agustín Molina","farmer","924 Santa Rosa St","1920","Elvira Gutiérrez"
"Eusebio Martínez","teamster","615 Market St","1885","Lena Hoffmann"
"Gerhard Zimmermann","barber","917 Navarro St","1920","Angela Molina"
"Heinrich Lange","tailor","767 Santa Rosa St","1910","Nellie Jones"
"Frank Johnson","tailor","601 Market St","1895","Aoife Brennan"
"Gustav Schulz","farmer","666 Soledad St","1901","Nellie Wright"
"Heinrich Schwarz","butcher","599 Alamo Plaza","1925","Edith Anderson"
"Andrés Cantu","blacksmith","335 Alamo Plaza","1910","Frieda Richter"
"Eusebio Treviño","laborer","150 Market St","1905",""
"Isidro Díaz","clerk","231 Laredo St","1895","Siobhan O'Connor"
"Adolph Klein","merchant","422 Santa Rosa St","1910",""
"Isidro Medina","tailor","1200 Houston St","1891","Kathleen O'Brien"
"Juan Herrera","saloon keeper","166 Alamo Plaza","1915","Petra Garza"
"Friedrich Schmidt","attorney","231 Commerce St","1915","Hedwig Wagner"
"Carlos Torres","laborer","138 Santa Rosa St","1925","Guadalupe Ramos"
"Bruno Richter","merchant","468 Market St","1905",""
"Bruno Fischer","blacksmith","894 Commerce St","1925",""
"Guadalupe Cruz","laborer","1124 Market St","1901",""
"August Zimmermann","teamster","646 Santa Rosa St","1895",""
"Rafael Flores","laborer","1173 Flores St","1881",""
"August Meyer","tailor","113 Flores St","1901","Lena Weidemann"
"Walter Schroeder","clerk","1171 Alamo Plaza","1895","Fiona Brennan"
"Emil Neumann","merchant","638 Alamo Plaza","1915","Lena Wagner"
"Tomás Molina","barber","416 Soledad St","1881",""
"Francisco Treviño","teamster","242 Laredo St","1905","Olga Gruenewald"
"Andrés Ramírez","baker","1094 Flores St","1901","Josefa Ortiz"
"Adolph Braun","minister","1135 Navarro St","1881","Fiona Flanagan"
"Adolph Schulz","laborer","310 Santa Rosa St","1920",""
"Agustín Treviño","attorney","195 Market St","1925","Nellie Moore"
"Hermann Hartmann","stockman","191 Flores St","1910","Elena Rivera"
"Manuel Chávez","barber","772 Flores St","1905",""
"Thomas Carter","barber","846 Alamo Plaza","1895",""
"Klaus Wolf","baker","1158 Flores St","1881",""
"Feliciano Reyes","physician","1063 Soledad St","1925",""
"Juan López","saloon keeper","726 Houston St","1915",""
"Friedrich Werner","tailor","174 Navarro St","1877",""
"Harold Thompson","saloon keeper","588 Flores St","1891",""
"Heinrich Koch","tailor","755 Santa Rosa St","1915",""
"Ernst Schäfer","farmer","625 Santa Rosa St","1905",""
"Eugene Green","physician","246 Navarro St","1910","Anna Schulz"
"Henry Carter","merchant","279 Soledad St","1881","Francisca López"
"Wilhelm Schmitt","butcher","1180 Alamo Plaza","1881","Ida Hoffmann"
"Joseph Martin","farmer","802 Laredo St","1895",""
"Juan López","printer","176 Commerce St","1877","Ida Mueller"
"Otto Schmidt","carpenter","349 Commerce St","1905",""
"Friedrich Werner","merchant","210 Soledad St","1885","Aoife Sullivan"
"Frank Jackson","saloon keeper","793 Commerce St","1925",""
"Arthur Allen","saloon keeper","401 Market St","1920","Josefa Reyes"
"Gustav Lehmann","clerk","153 Laredo St","1905",""
"Seamus Kennedy","minister","542 Alamo Plaza","1901","Luz Díaz"
"Conrad Schmidt","carpenter","801 Laredo St","1910","Petra Chávez"
"Luis Salinas","minister","1153 Soledad St","1925",""
"Edward Martin","blacksmith","973 Navarro St","1905",""
"Gregorio Salinas","butcher","449 Flores St","1915",""
"Feliciano Ortiz","carpenter","849 Market St","1925","Elena Garza"
"James Smith","saloon keeper","133 Houston St","1910",""
"August Koch","minister","285 Houston St","1925","Helene Schulz"
"Aurelio Morales","druggist","774 Laredo St","1877","Petra Hernández"
"Klaus Werner","baker","708 Alamo Plaza","1901",""
"Antonio Treviño","attorney","1021 Commerce St","1920","Beatriz Vásquez"
"Tomás Salinas","physician","662 Commerce St","1915",""
"Frederick Anderson","printer","418 Santa Rosa St","1885",""
"Ludwig Steinemann","minister","972 Navarro St","1877","Sophie Schroeder"
"Jesús Sánchez","printer","1125 Navarro St","1891","Gertrud Schulz"
"Tomás Hernández","merchant","465 Flores St","1891","Grace Allen"
"Luis Ortiz","minister","1094 Commerce St","1910","Margarita Díaz"
"Otto Meyer","attorney","656 Commerce St","1920","Remedios Salinas"
"Arthur Mitchell","saloon keeper","535 Santa Rosa St","1885","Hedwig Wagner"
"Hans Neumann","barber","870 Santa Rosa St","1877","Helene Schmidt"
"Thomas Green","attorney","323 Soledad St","1905","Juana Reyes"
"Agustín Vásquez","teacher","642 Market St","1915","Ramona Cruz"
"Johann Neumann","druggist","1129 Soledad St","1925",""
"Karl Gruenewald","physician","862 Laredo St","1901","Hedwig Bergmann"
"Gerhard Neumann","farmer","851 Commerce St","1910","Concepción Rivera"
"Manuel Medina","blacksmith","138 Commerce St","1877",""
"Juan Cruz","druggist","373 Laredo St","1901",""
"Otto Neumann","butcher","554 Alamo Plaza","1895",""
"Eugene Martin","stockman","590 Flores St","1877",""
"Antonio Gutiérrez","baker","834 Santa Rosa St","1885",""
"Feliciano Molina","carpenter","1053 Alamo Plaza","1910","Frieda Becker"
"Conrad Schmitt","clerk","332 Laredo St","1925","Clara Mueller"
"Emil Klein","printer","1134 Soledad St","1895","Lena Schulz"
"Miguel Díaz","clerk","366 Commerce St","1905",""
"Isidro Martínez","barber","428 Laredo St","1895","Nellie Jackson"
"Johann Neumann","teamster","643 Navarro St","1895","Brigid O'Brien"
"Juan García","baker","184 Santa Rosa St","1925","Grace Thomas"
"Guadalupe Reyes","baker","125 Alamo Plaza","1925","Florence Anderson"
"Otto Klein","blacksmith","1066 Market St","1881","Remedios Ramírez"
"George Roberts","stockman","1024 Commerce St","1877","Helen Adams"
"Ernst Braun","minister","448 Navarro St","1885",""
"Bruno Lange","barber","673 Soledad St","1901","Florence Jones"
"Friedrich Steinemann","barber","1194 Flores St","1905","Clara Schäfer"
"Gregorio Ramírez","farmer","1029 Commerce St","1910","Luz Treviño"
"Klaus Meyer","attorney","605 Houston St","1885","Gertrud Weber"
"Eusebio Chávez","farmer","811 Soledad St","1885","Rosa Flores"
"Antonio Cantu","barber","654 Santa Rosa St","1920",""
"Ernesto Herrera","saloon keeper","891 Market St","1901","Helene Zimmermann"
"Carlos Ramírez","druggist","666 Santa Rosa St","1885",""
"Gerhard Bauer","blacksmith","262 Market St","1895",""
"Albert Green","baker","117 Soledad St","1905",""
"Henry Moore","laborer","798 Soledad St","1925","Remedios Martínez"
"Johann Klein","farmer","448 Laredo St","1925",""
"Samuel Adams","printer","149 Market St","1910","Hedwig Wolf"
"Ernst Weidemann","teacher","805 Alamo Plaza","1877","Olga Richter"
"William Johnson","barber","986 Navarro St","1877","Ida Klein"
"Frank Wilson","baker","256 Santa Rosa St","1920",""
"Guadalupe Pérez","barber","424 Houston St","1895","Emilie Krüger"
"Isidro Cantu","baker","347 Market St","1881","Mathilde Schulz"
"Joseph White","barber","583 Commerce St","1915",""
"Edward Young","farmer","1182 Houston St","1885",""
"Robert Mitchell","teamster","668 Flores St","1877","Sarah Thomas"
"Walter Schulz","carpenter","233 Commerce St","1915","Angela Díaz"
"Charles Carter","stockman","307 Alamo Plaza","1895","Harriet Jackson"
"Ernesto Castillo","printer","641 Flores St","1881",""
"Friedrich Weber","saloon keeper","755 Alamo Plaza","1920",""
"Karl Wolf","teacher","116 Soledad St","1891",""
"Feliciano Rodríguez","teacher","1132 Laredo St","1901","Helene Krüger"
"Héctor Pérez","teamster","562 Market St","1901",""
"Conrad Weber","teamster","1077 Laredo St","1885",""
"Ludwig Schmidt","blacksmith","896 Alamo Plaza","1901","Lupe Treviño"
"Bernardo Fuentes","clerk","1193 Commerce St","1915",""
"Henry Martin","clerk","756 Market St","1905","Bertha Carter"
"Conrad Hartmann","druggist","135 Houston St","1895","Amparo González"
"George Martin","farmer","589 Flores St","1895",""
"Isidro Fuentes","butcher","238 Commerce St","1901",""
"George Miller","teamster","806 Soledad St","1891",""
"Ignacio López","carpenter","753 Alamo Plaza","1905",""
"Luis Vásquez","minister","542 Market St","1915",""
"Ignacio Castillo","barber","329 Flores St","1905",""
"Heinrich Schäfer","saloon keeper","630 Market St","1877",""
"Isidro Díaz","carpenter","405 Soledad St","1925","Mathilde Weber"
"George Martin","physician","362 Market St","1915","Juana Vásquez"
"Jesús Torres","teamster","544 Laredo St","1885","Remedios Díaz"
"Franz Wagner","physician","344 Santa Rosa St","1901",""
"Tomás López","farmer","893 Commerce St","1905","Harriet Jackson"
"Liam O'Brien","stockman","361 Santa Rosa St","1891",""
"Juan Martínez","minister","474 Laredo St","1891","Soledad Rivera"
"Arthur Smith","clerk","919 Laredo St","1885","Catalina Rodríguez"
"Albert Martin","attorney","351 Laredo St","1901","Lena Wolf"
"Emil Krüger","merchant","551 Flores St","1881",""
"Franz Schulz","tailor","1197 Alamo Plaza","1885",""
"Ernst Becker","tailor","251 Market St","1910","Wilhelmine Mueller"
"Miguel Martínez","baker","876 Soledad St","1895","Clara Schwarz"
"Conrad Steinemann","saloon keeper","1167 Alamo Plaza","1925",""
"Gerhard Werner","teacher","493 Houston St","1915",""
"Klaus Mueller","clerk","277 Market St","1910","Bertha Mueller"
"Ernst Lange","tailor","304 Flores St","1885","Hilda Schroeder"
"Manuel Rodríguez","farmer","1134 Alamo Plaza","1877",""
"Karl Klein","carpenter","230 Navarro St","1891","Soledad Treviño"
"Wilhelm Weber","baker","934 Laredo St","1881","Luz Chávez"
"Friedrich Wagner","tailor","961 Santa Rosa St","1877",""
"Gregorio Medina","teacher","932 Flores St","1905","Josefa Morales"
"Ludwig Fischer","laborer","528 Houston St","1925","Clara Schroeder"
"Jesús González","printer","458 Alamo Plaza","1877",""
"Gregorio Reyes","farmer","294 Alamo Plaza","1895","Angela Castillo"
"Fergus Kelly","physician","302 Santa Rosa St","1891",""
"Héctor Ramos","clerk","163 Laredo St","1925",""
"Agustín Martínez","carpenter","654 Laredo St","1891",""
"Robert Harris","laborer","454 Commerce St","1915","Amparo García"
"Karl Bauer","blacksmith","1049 Soledad St","1925","Louisa White"
"José Domínguez","printer","959 Laredo St","1891","Luz Castillo"
"Rafael Flores","attorney","832 Santa Rosa St","1885",""
"Patrick McCarthy","clerk","185 Houston St","1905",""
"Karl Bauer","blacksmith","1048 Soledad St","1910","Nora Sullivan"
"Ernst Hartmann","tailor","904 Flores St","1895","Hilda Krüger"
"Gustav Lehmann","farmer","545 Navarro St","1901","Felicitas López"
"Thomas Anderson","clerk","1017 Flores St","1901","Elizabeth Wilson"
"Rafael Garza","tailor","513 Flores St","1891",""
"Pedro Sánchez","physician","788 Laredo St","1905","Siobhan McCarthy"
"Tomás Herrera","blacksmith","456 Navarro St","1905","Rosa Reyes"
"Albert Green","barber","226 Flores St","1881",""
"Eugene Baker","merchant","264 Santa Rosa St","1910",""
"Ernesto Díaz","physician","279 Commerce St","1901",""
"Ignacio Flores","physician","362 Laredo St","1895","Ruth Perez"
"Clarence Perez","saloon keeper","465 Laredo St","1881",""
"William Miller","barber","802 Flores St","1895","Olga Werner"
"Edward Carter","attorney","945 Soledad St","1915","Francisca Hernández"
"Dermot Flanagan","farmer","1125 Santa Rosa St","1925",""
"Friedrich Schmidt","clerk","855 Houston St","1915","Rosa Molina"
"Feliciano Salinas","attorney","582 Soledad St","1895","Emma Smith"
"Juan Rodríguez","attorney","375 Houston St","1905","Alice Jones"
"Harold Roberts","teacher","1039 Commerce St","1920",""
"George Roberts","tailor","601 Navarro St","1885","Mabel Scott"
"James Jones","teacher","448 Santa Rosa St","1901","María González"
"Antonio Ramírez","physician","292 Laredo St","1895",""
"Friedrich Richter","physician","1148 Santa Rosa St","1885","Lena Mueller"
"Otto Zimmermann","farmer","458 Laredo St","1905","Anna Gruenewald"
"Edward Perez","druggist","195 Santa Rosa St","1885","Emilie Schmitt"
"Kieran Ryan","clerk","1036 Santa Rosa St","1885",""
"Otto Steinemann","druggist","537 Santa Rosa St","1891",""
"Gustav Schulz","barber","645 Commerce St","1881",""
"Carlos González","printer","804 Flores St","1895","Ida Lehmann"
"Harold Wilson","carpenter","398 Soledad St","1915","Florence Harris"
"Emil Krüger","druggist","723 Market St","1910","Gertrud Hoffmann"
"Antonio Reyes","tailor","880 Houston St","1905","Consuelo González"
"Eugene Williams","barber","545 Navarro St","1925","Carmen García"
"Feliciano Torres","physician","398 Commerce St","1901","Wilhelmine Neumann"
"Bruno Braun","farmer","1024 Flores St","1881","Hedwig Schmitt"
"Emil Schulz","druggist","694 Commerce St","1877",""
"Robert Smith","laborer","989 Laredo St","1915",""
"Frederick Thomas","carpenter","421 Laredo St","1877",""
"Otto Schroeder","teacher","142 Navarro St","1915",""
"Patrick O'Brien","farmer","177 Navarro St","1920","Guadalupe López"
"Pedro Flores","carpenter","107 Navarro St","1915",""
"Bruno Weber","druggist","334 Soledad St","1881","Emilie Klein"
"Juan Hernández","butcher","460 Soledad St","1885","Nellie Thomas"
"Clarence Martin","merchant","1079 Houston St","1901",""
"Pedro López","baker","508 Alamo Plaza","1915","Margarita Fuentes"
"Carlos Molina","teacher","471 Soledad St","1885",""
"Joseph Jackson","merchant","739 Laredo St","1885","Bertha Wagner"
"Harold Smith","farmer","318 Soledad St","1891",""
"Juan Rodríguez","tailor","224 Laredo St","1877",""
"Wilhelm Hoffmann","attorney","122 Alamo Plaza","1895","Fiona Sullivan"
"John Thompson","farmer","859 Soledad St","1885","Harriet Taylor"
"Francisco Sánchez","attorney","612 Alamo Plaza","1925","Louisa Fischer"
"August Werner","attorney","119 Market St","1891","Pearl Allen"
"Rafael Garza","teamster","406 Santa Rosa St","1910","Rosa Pérez"
"Gerhard Wagner","butcher","335 Navarro St","1905","Elena Sánchez"
"August Hartmann","teacher","754 Navarro St","1885","Ethel Baker"
"James Anderson","druggist","648 Flores St","1891",""
"Pedro Medina","farmer","120 Flores St","1885","Emma Carter"
"Feliciano Gutiérrez","saloon keeper","1066 Flores St","1877",""
"Colm Burke","minister","1179 Flores St","1925",""
"Conrad Schäfer","teacher","574 Navarro St","1920",""
"Klaus Bergmann","stockman","802 Alamo Plaza","1901",""
"Wilhelm Schäfer","minister","915 Alamo Plaza","1901","Brigid Flanagan"
"Hermann Lange","carpenter","770 Navarro St","1920",""
"William Baker","teacher","251 Navarro St","1901",""
"Eusebio Garza","teamster","793 Houston St","1910","Sarah King"
"Walter Jones","blacksmith","1016 Navarro St","1881","Ida Krüger"
"Pedro Salinas","stockman","968 Flores St","1877",""
"Franz Richter","carpenter","347 Flores St","1877","Harriet Taylor"
"Otto Bauer","saloon keeper","927 Houston St","1925",""
"Richard Johnson","stockman","839 Market St","1881","Ida Roberts"
"Miguel García","butcher","337 Market St","1895","Concepción Ramos"
"Wilhelm Schulz","barber","314 Navarro St","1881","Grace Wright"
"Isidro Ramos","blacksmith","191 Commerce St","1891","Petra García"
"Johann Schwarz","teamster","1172 Santa Rosa St","1881",""
"Gustav Klein","merchant","907 Market St","1901",""
"Frederick Nelson","carpenter","776 Alamo Plaza","1895","Marta Braun"
"Ernesto Pérez","druggist","503 Flores St","1895","Josefa Vásquez"
"José Martínez","attorney","113 Commerce St","1895",""
"George Mitchell","merchant","1178 Alamo Plaza","1891","Bertha Jackson"
"Bruno Hartmann","printer","571 Houston St","1881","Else Klein"
"Gerhard Hoffmann","physician","661 Houston St","1925",""
"Bernardo Rodríguez","teamster","204 Flores St","1885",""
"Conrad Schwarz","minister","730 Alamo Plaza","1905",""
"José García","teacher","144 Alamo Plaza","1920",""
"Antonio Cantu","saloon keeper","412 Santa Rosa St","1891",""
"Karl Weber","clerk","335 Commerce St","1901","Sarah Davis"
"Franz Bergmann","clerk","504 Flores St","1877",""
"Ignacio Cruz","laborer","445 Houston St","1910","Esperanza López"
"Harold Baker","druggist","776 Soledad St","1877",""
"Ernesto Domínguez","minister","316 Soledad St","1915","Ramona Domínguez"
"Florencio Molina","minister","507 Commerce St","1877",""
"Hermann Neumann","teamster","755 Market St","1905",""
"Kieran Flanagan","blacksmith","579 Soledad St","1885","Lupe Castillo"
"José Ortiz","teamster","284 Soledad St","1885","Mary Thomas"
"Miguel Cantu","saloon keeper","300 Soledad St","1920",""
"Thomas Wright","blacksmith","262 Alamo Plaza","1915","Ramona Domínguez"
"Klaus Richter","laborer","594 Alamo Plaza","1925","Bertha Bauer"
"Miguel Ramos","teamster","392 Laredo St","1905",""
"Adolph Bauer","baker","122 Santa Rosa St","1895",""
"José Morales","physician","734 Flores St","1920","Angela Moreno"
"Clarence Carter","laborer","196 Laredo St","1925","Carmen Ramos"
"Bruno Lange","farmer","238 Alamo Plaza","1885","Louisa Fischer"
"Harold Johnson","tailor","447 Soledad St","1895","María Díaz"
"Eusebio Garza","teamster","309 Alamo Plaza","1915","Edith Scott"
"Clarence Smith","printer","139 Houston St","1891",""
"Samuel Carter","minister","703 Laredo St","1895",""
"Robert Brown","physician","461 Market St","1895",""
"Eugene Davis","barber","303 Santa Rosa St","1920","Angela Molina"
"Otto Zimmermann","tailor","420 Market St","1915",""
"Ignacio Martínez","teamster","419 Houston St","1910",""
"Frederick Green","minister","844 Commerce St","1901","Ramona Reyes"
"William Wright","barber","715 Commerce St","1905","Bertha Thomas"
"Wilhelm Schroeder","farmer","185 Laredo St","1895","Mabel Allen"
"Henry Anderson","carpenter","150 Commerce St","1920","Josefa Domínguez"
"Hermann Hartmann","minister","1172 Market St","1920","Francisca Cruz"
"Joseph Baker","butcher","573 Houston St","1925","Teresa Sánchez"
"Friedrich Bergmann","teamster","579 Alamo Plaza","1881","Brigid Murphy"
"Manuel Herrera","teacher","668 Santa Rosa St","1905","Helene Wolf"
"Arthur Anderson","saloon keeper","849 Commerce St","1910",""
"Joseph Thompson","tailor","154 Soledad St","1910","Mathilde Schmidt"
"John Williams","teacher","1191 Market St","1920","Helene Zimmermann"
"William Wilson","laborer","231 Houston St","1910","Elena Vásquez"
"Ernesto Pérez","physician","1071 Laredo St","1925","Pearl Jones"
"Carlos Hernández","attorney","606 Market St","1885","Lupe López"
"Friedrich Bauer","saloon keeper","776 Navarro St","1877","Grace Baker"
"Charles Carter","blacksmith","957 Flores St","1901","Pearl Adams"
"Harold Moore","farmer","505 Flores St","1925",""
"Liam O'Brien","clerk","284 Flores St","1915","Ida Wright"
"Pedro Vásquez","laborer","350 Commerce St","1877","Bessie Thompson"
"Conrad Meyer","minister","345 Market St","1901","Frieda Zimmermann"
"Ernst Klein","clerk","537 Commerce St","1915","Bertha Lange"
"Ignacio Chávez","blacksmith","356 Soledad St","1885",""
"Manuel Garza","butcher","379 Commerce St","1910","Lena Zimmermann"
"Hans Schäfer","minister","669 Commerce St","1881",""
"Bruno Zimmermann","laborer","888 Flores St","1885",""
"Frederick Wilson","butcher","1021 Soledad St","1877","Ida Werner"
"Florencio Flores","laborer","800 Laredo St","1877","Wilhelmine Bauer"
"Henry Moore","carpenter","1072 Flores St","1877","Louisa Martin"
"Bernardo Cruz","tailor","353 Market St","1885","Grace Jackson"
"Hermann Weidemann","saloon keeper","1107 Laredo St","1910","Elena Chávez"
"Henry Taylor","saloon keeper","351 Commerce St","1881","Esperanza Rodríguez"
"Tomás Ortiz","clerk","210 Laredo St","1895","Margarita Ramos"
"Rafael Vásquez","druggist","379 Alamo Plaza","1910",""
"Walter Krüger","printer","137 Laredo St","1901",""
"Hans Richter","barber","108 Santa Rosa St","1891",""
"Clarence Green","stockman","118 Flores St","1920",""
"Henry Thompson","clerk","1138 Laredo St","1915",""
"Klaus Hartmann","blacksmith","1005 Alamo Plaza","1891",""
"Brendan Burke","printer","317 Market St","1881","Lena Wagner"
"Karl Lange","farmer","148 Alamo Plaza","1891",""
"Conrad Steinemann","barber","132 Soledad St","1891","Ramona Treviño"
"Miguel Cruz","laborer","1132 Laredo St","1925",""
"Rafael Ramos","druggist","643 Santa Rosa St","1881","Mary King"
"Walter Klein","farmer","321 Houston St","1885","Catalina Pérez"
"Andrés Moreno","merchant","319 Houston St","1901",""
"Gregorio Díaz","teacher","796 Flores St","1920","Ruth Johnson"
"Miguel Martínez","tailor","375 Laredo St","1910",""
"Hans Neumann","tailor","1197 Navarro St","1877","Emilie Richter"
"Gregorio Ortiz","clerk","1082 Soledad St","1901","Clara Braun"
"Eugene Davis","butcher","219 Flores St","1920","Mary Taylor"
"Bernardo Treviño","printer","1198 Navarro St","1877","María Morales"
"Emil Schmidt","merchant","468 Santa Rosa St","1901","Lupe Medina"
"William Smith","tailor","1157 Laredo St","1891",""
"Charles White","barber","405 Navarro St","1881","Anna Braun"
"Rafael Ramos","baker","312 Navarro St","1877","Catalina Reyes"
"Andrés Rodríguez","butcher","510 Soledad St","1915","Concepción Martínez"
"Guadalupe Flores","druggist","997 Laredo St","1885","Bessie Young"
"Charles Perez","butcher","330 Alamo Plaza","1910","Margarita Torres"
"Luis Torres","clerk","1174 Commerce St","1915","Esperanza Morales"
"Ramón Hernández","tailor","315 Navarro St","1901",""
"Andrés Garza","druggist","461 Market St","1905","Marta Neumann"
"Emil Lange","teacher","816 Laredo St","1885",""
"Klaus Schwarz","clerk","188 Market St","1895","Emilie Schwarz"
"Francisco Rivera","barber","271 Flores St","1895","Lena Koch"
"Eugene Roberts","merchant","223 Flores St","1915","Sarah Nelson"
"John Mitchell","laborer","211 Houston St","1885","Carmen Cantu"
"Ludwig Lehmann","teamster","412 Navarro St","1915","Elena Reyes"
"Walter Allen","stockman","131 Alamo Plaza","1885","Rosa Morales"
"Eusebio Ramos","printer","287 Navarro St","1910",""
"Francisco Gutiérrez","blacksmith","748 Laredo St","1877","Rosa López"
"Joseph Nelson","farmer","802 Santa Rosa St","1920","Frieda Mueller"
"Ludwig Werner","teamster","944 Houston St","1895","Elena García"
"Manuel Reyes","tailor","1124 Houston St","1920","Louisa Wolf"
"Edward Green","baker","444 Navarro St","1901","Olga Meyer"
"Gustav Bauer","farmer","817 Market St","1885","Remedios Herrera"
"Heinrich Koch","saloon keeper","121 Alamo Plaza","1885",""
"Ernst Schäfer","tailor","916 Alamo Plaza","1920","Elena Reyes"
"Florencio Treviño","minister","748 Laredo St","1885","Elvira Treviño"
"Richard Scott","farmer","198 Alamo Plaza","1891",""
"Eusebio Ramos","laborer","875 Laredo St","1915",""
"Emil Fischer","minister","1138 Alamo Plaza","1915","Guadalupe Domínguez"
"Tomás Gutiérrez","attorney","678 Houston St","1877",""
"James Brown","teacher","204 Houston St","1881","Consuelo Cruz"
"Gerhard Klein","stockman","711 Flores St","1905","Wilhelmine Hoffmann"
"Thomas Mitchell","baker","590 Houston St","1885","Bertha Smith"
"Isidro Molina","merchant","748 Flores St","1920","Helen Nelson"
"Samuel Green","physician","626 Flores St","1920","Josefa Rodríguez"
"Guadalupe García","merchant","837 Navarro St","1925",""
"Héctor Hernández","druggist","292 Santa Rosa St","1910","Amparo Gutiérrez"
"Héctor Ortiz","butcher","568 Santa Rosa St","1920","Remedios Gutiérrez"
"Manuel Gutiérrez","physician","1093 Commerce St","1925",""
"Ignacio Reyes","druggist","1137 Commerce St","1901",""
"Michael Connelly","attorney","314 Santa Rosa St","1920",""
"Albert Roberts","baker","178 Commerce St","1905",""
"Otto Weber","druggist","488 Commerce St","1925",""
"Patrick Ryan","tailor","1090 Soledad St","1915",""
"Karl Schmitt","barber","1200 Commerce St","1891",""
"Juan Cruz","minister","581 Laredo St","1901",""
"Bruno Weber","teacher","102 Houston St","1885","Teresa Moreno"
"Jesús Ramos","blacksmith","233 Navarro St","1895","Juana Martínez"
"Emil Zimmermann","carpenter","781 Navarro St","1905",""
"Ignacio Martínez","barber","911 Flores St","1910",""
"Isidro Sánchez","clerk","1072 Houston St","1910","Nora Connelly"
"Gustav Lange","teamster","1194 Houston St","1877",""
"Clarence Allen","saloon keeper","228 Flores St","1925",""
"Charles Williams","stockman","828 Market St","1885",""
"Emil Lange","teamster","998 Commerce St","1901",""
"Francisco Hernández","tailor","879 Houston St","1881",""
"José Salinas","clerk","722 Alamo Plaza","1905",""
"Colm Connelly","minister","982 Laredo St","1905","Mathilde Gruenewald"
"Guadalupe Rivera","stockman","343 Flores St","1877","Harriet Allen"
"Walter Moore","merchant","694 Laredo St","1877","Rosa García"
"Francisco Rodríguez","baker","829 Laredo St","1925",""
"Andrés Reyes","farmer","1067 Santa Rosa St","1895",""
"Pedro Ortiz","baker","872 Commerce St","1925",""
"Hermann Weidemann","clerk","150 Houston St","1891",""
"Florencio Ramírez","teacher","611 Market St","1895","Josefa Reyes"
"Eugene Moore","physician","1095 Alamo Plaza","1925","Ramona Sánchez"
"Gustav Krüger","teamster","575 Market St","1881","Pearl Jackson"
"Ernesto Chávez","merchant","1016 Flores St","1905","Lupe Morales"
"Eusebio Molina","printer","551 Soledad St","1915","Gertrud Weber"
"Conrad Braun","stockman","185 Commerce St","1901",""
"Héctor Fuentes","attorney","929 Commerce St","1905",""
"Eusebio López","blacksmith","999 Santa Rosa St","1925","Elizabeth King"
"Pedro Herrera","printer","598 Navarro St","1885","Clara Gruenewald"
"Franz Koch","carpenter","254 Flores St","1881",""
"Kieran Kennedy","blacksmith","742 Houston St","1891","Florence Davis"
"Klaus Schmitt","teacher","876 Market St","1915","Bertha Roberts"
"Wilhelm Koch","clerk","168 Soledad St","1915","Alice Jackson"
"Albert Scott","blacksmith","494 Santa Rosa St","1915","Francisca Moreno"
"Harold Taylor","stockman","1053 Houston St","1915","Juana Hernández"
"Gerhard Mueller","teamster","903 Flores St","1881",""
"Isidro García","tailor","315 Santa Rosa St","1910","Siobhan Connelly"
"Antonio Rivera","farmer","229 Flores St","1891","Rosa Cruz"
"August Wagner","druggist","829 Flores St","1915","Florence Jones"
"Klaus Neumann","druggist","526 Market St","1895",""
"Juan Pérez","minister","612 Alamo Plaza","1905",""
"Hermann Richter","teacher","404 Market St","1881","Beatriz Ortiz"
"Friedrich Schwarz","farmer","696 Market St","1891","Florence Anderson"
"Ludwig Wolf","baker","701 Laredo St","1905","Katharina Bauer"
"Heinrich Krüger","stockman","672 Flores St","1920",""
"Bruno Schäfer","teamster","275 Alamo Plaza","1910","Nora Brennan"
"Luis Hernández","printer","1096 Santa Rosa St","1891",""
"Juan Chávez","baker","807 Laredo St","1905","Carmen Ramírez"
"Antonio Ramírez","barber","989 Houston St","1925","Bridget O'Brien"
"Pedro González","printer","805 Market St","1881","Augusta Schwarz"
"Klaus Schwarz","attorney","553 Houston St","1881","Hedwig Schulz"
"Juan Treviño","clerk","763 Flores St","1895","Mary Wright"
"Luis Morales","clerk","122 Commerce St","1915","María Rodríguez"
"Gregorio Rivera","teamster","767 Commerce St","1905",""
"Walter Davis","clerk","1199 Alamo Plaza","1885","Remedios Molina"
"Miguel Hernández","clerk","500 Market St","1915","Bertha Schmidt"
"Heinrich Neumann","physician","705 Soledad St","1905",""
"Feliciano González","physician","483 Soledad St","1901",""
"Hans Wolf","laborer","1017 Navarro St","1881",""
"Harold Davis","blacksmith","320 Santa Rosa St","1877","Florence Scott"
"Gerhard Schmidt","barber","663 Navarro St","1915",""
"Albert Carter","laborer","192 Navarro St","1885",""
"Gustav Bergmann","carpenter","749 Market St","1905",""
"Seamus Ryan","teacher","998 Flores St","1881","Colleen Brennan"
"Gerhard Steinemann","teamster","955 Market St","1925",""
"Seamus Kelly","saloon keeper","959 Commerce St","1901",""
"John Thomas","farmer","378 Houston St","1881","Elvira Treviño"
"Ernst Richter","stockman","445 Market St","1881","Carmen Castillo"
"Frank Wright","baker","402 Flores St","1910",""
"Hermann Schäfer","saloon keeper","488 Alamo Plaza","1885",""
"August Gruenewald","laborer","252 Navarro St","1877","Emilie Meyer"
"Samuel Taylor","printer","690 Commerce St","1925","Dolores Gutiérrez"
"Ernesto Rivera","laborer","1123 Alamo Plaza","1915","Esperanza Castillo"
"Henry Moore","barber","1017 Alamo Plaza","1925","Ida Nelson"
"Samuel Wilson","teamster","885 Alamo Plaza","1925","Amparo Treviño"
"Ludwig Lehmann","printer","690 Santa Rosa St","1885",""
"Dermot Gallagher","butcher","846 Market St","1920","Mathilde Hoffmann"
"Seamus Flanagan","farmer","106 Santa Rosa St","1925",""
"Wilhelm Klein","clerk","550 Market St","1920",""
"Miguel Pérez","stockman","476 Soledad St","1895",""
"Samuel Allen","druggist","917 Flores St","1925",""
"Isidro Domínguez","farmer","476 Commerce St","1910","Ramona Salinas"
"Ramón López","minister","935 Houston St","1885","Beatriz Garza"
"Harold Adams","saloon keeper","711 Houston St","1915","Petra Salinas"
"Hans Krüger","druggist","556 Laredo St","1877","Nellie Moore"
"Heinrich Koch","stockman","1045 Soledad St","1895","María Rivera"
"Eusebio Garza","blacksmith","863 Santa Rosa St","1920","Josefa Rodríguez"
"Jesús Cantu","farmer","1169 Houston St","1895","Ruth White"
"Karl Lehmann","baker","1052 Soledad St","1915",""
"Luis Chávez","minister","189 Santa Rosa St","1925","Lillie Carter"
"Bruno Meyer","laborer","622 Commerce St","1920",""
"Antonio Herrera","physician","1020 Santa Rosa St","1895","Remedios Rodríguez"
"Manuel Salinas","butcher","480 Soledad St","1920",""
"Robert Allen","druggist","377 Commerce St","1895","Guadalupe Moreno"
"Héctor Reyes","teamster","858 Laredo St","1885",""
"Samuel Jackson","stockman","842 Santa Rosa St","1901","Brigid O'Brien"
"Gustav Schroeder","baker","1065 Market St","1891",""
"Colm O'Connor","blacksmith","1191 Santa Rosa St","1925",""
"Klaus Hoffmann","merchant","804 Soledad St","1915",""
"Eusebio Cantu","laborer","266 Santa Rosa St","1920",""
"Juan Treviño","printer","504 Commerce St","1910","Anna Bergmann"
"Antonio Molina","farmer","389 Soledad St","1895","Catalina Reyes"
"Clarence Taylor","butcher","415 Laredo St","1895","Helen Young"
"Samuel Young","baker","169 Laredo St","1877","Grace Jones"
"Charles Anderson","druggist","148 Soledad St","1895",""
"Frank Martin","carpenter","207 Flores St","1885","Elizabeth Jones"
"Agustín Pérez","merchant","625 Houston St","1885",""
"Bruno Weidemann","tailor","190 Soledad St","1920",""
"Agustín Flores","druggist","190 Alamo Plaza","1925","Soledad Salinas"
"Ernesto Hernández","teamster","386 Santa Rosa St","1885","Francisca Sánchez"
"Tomás Ramírez","barber","1106 Flores St","1877","Rosa Morales"
"Thomas Smith","merchant","1155 Soledad St","1920",""
"Carlos González","farmer","532 Market St","1925",""
"Michael Doyle","printer","1143 Navarro St","1895",""
"Ludwig Zimmermann","saloon keeper","1006 Santa Rosa St","1925","Bertha Richter"
"Hans Krüger","blacksmith","270 Flores St","1925",""
"Walter Green","physician","897 Flores St","1905",""
"Héctor Chávez","attorney","264 Santa Rosa St","1915","Maureen McCarthy"
"August Richter","printer","406 Soledad St","1901","Concepción Hernández"
"Pedro Chávez","attorney","803 Laredo St","1901","Hilda Koch"
"José Cantu","physician","330 Flores St","1915","Lupe Rivera"
"Isidro Gutiérrez","barber","464 Navarro St","1915","Angela López"
"Richard Taylor","physician","117 Alamo Plaza","1910",""
"William Perez","laborer","612 Navarro St","1885",""
"Dermot Burke","minister","426 Commerce St","1910",""
"Carlos Torres","butcher","993 Houston St","1925",""
"Guadalupe Domínguez","teacher","728 Santa Rosa St","1901","Bertha Braun"
"Fergus O'Brien","teacher","295 Alamo Plaza","1877","Florence Baker"
